800.0000	0.0518912
799.9000	0.0518483
799.8000	0.0519979
799.7000	0.052056
799.6000	0.0521845
799.5000	0.0522364
799.4000	0.0522667
799.3000	0.0521354
799.2000	0.0520427
799.1000	0.0520276
799.0000	0.0517994
798.9000	0.0516996
798.8000	0.0516694
798.7000	0.0516847
798.6000	0.0518138
798.5000	0.0520991
798.4000	0.052313
798.3000	0.0525238
798.2000	0.0527814
798.1000	0.0528455
798.0000	0.0528352
797.9000	0.052899
797.8000	0.0528768
797.7000	0.0527949
797.6000	0.0528109
797.5000	0.0528323
797.4000	0.0529393
797.3000	0.0531523
797.2000	0.053353
797.1000	0.0534504
797.0000	0.0535556
796.9000	0.0535712
796.8000	0.0534623
796.7000	0.0534324
796.6000	0.0533241
796.5000	0.0532201
796.4000	0.0531271
796.3000	0.0530253
796.2000	0.0529185
796.1000	0.0529998
796.0000	0.0532097
795.9000	0.0533822
795.8000	0.0536043
795.7000	0.053663
795.6000	0.0536734
795.5000	0.0536205
795.4000	0.0536171
795.3000	0.0535856
795.2000	0.0535762
795.1000	0.0535318
795.0000	0.0534474
794.9000	0.0533439
794.8000	0.0532654
794.7000	0.0532123
794.6000	0.0530933
794.5000	0.0529538
794.4000	0.0527156
794.3000	0.0524983
794.2000	0.0523474
794.1000	0.0524286
794.0000	0.0526189
793.9000	0.0528788
793.8000	0.0530786
793.7000	0.0533002
793.6000	0.0534821
793.5000	0.0534794
793.4000	0.0533868
793.3000	0.0531752
793.2000	0.0528729
793.1000	0.052623
793.0000	0.0525068
792.9000	0.0523422
792.8000	0.0522689
792.7000	0.0522666
792.6000	0.0521644
792.5000	0.0521017
792.4000	0.0521951
792.3000	0.0522422
792.2000	0.0523003
792.1000	0.0524651
792.0000	0.0526417
791.9000	0.0528367
791.8000	0.0531067
791.7000	0.0533708
791.6000	0.0534606
791.5000	0.0534576
791.4000	0.0532613
791.3000	0.0529868
791.2000	0.0526559
791.1000	0.052332
791.0000	0.0520559
790.9000	0.0519938
790.8000	0.0519791
790.7000	0.0520293
790.6000	0.0522666
790.5000	0.0526065
790.4000	0.0528351
790.3000	0.0531056
790.2000	0.0534754
790.1000	0.0536933
790.0000	0.0538471
789.9000	0.0540957
789.8000	0.0542815
789.7000	0.0542333
789.6000	0.054134
789.5000	0.054037
789.4000	0.0537965
789.3000	0.0535037
789.2000	0.053269
789.1000	0.0530972
789.0000	0.0528578
788.9000	0.0527471
788.8000	0.052837
788.7000	0.0528676
788.6000	0.0528301
788.5000	0.0527694
788.4000	0.0527245
788.3000	0.0525412
788.2000	0.0524712
788.1000	0.0524343
788.0000	0.0524577
787.9000	0.0526071
787.8000	0.0528205
787.7000	0.0530273
787.6000	0.0532031
787.5000	0.0532623
787.4000	0.0532065
787.3000	0.0531608
787.2000	0.053099
787.1000	0.0530037
787.0000	0.0530085
786.9000	0.052946
786.8000	0.0528384
786.7000	0.0528975
786.6000	0.0529289
786.5000	0.0528902
786.4000	0.0528666
786.3000	0.0528916
786.2000	0.0528592
786.1000	0.0529936
786.0000	0.0532395
785.9000	0.0535358
785.8000	0.0538503
785.7000	0.0541522
785.6000	0.0543753
785.5000	0.0546069
785.4000	0.0547491
785.3000	0.054843
785.2000	0.0549244
785.1000	0.054975
785.0000	0.0550188
784.9000	0.0551039
784.8000	0.0552002
784.7000	0.0552092
784.6000	0.0552206
784.5000	0.0551251
784.4000	0.0548847
784.3000	0.0545001
784.2000	0.0541294
784.1000	0.0538253
784.0000	0.0535811
783.9000	0.0534248
783.8000	0.0534073
783.7000	0.0533075
783.6000	0.0532109
783.5000	0.0531876
783.4000	0.0531925
783.3000	0.0532026
783.2000	0.0533308
783.1000	0.053507
783.0000	0.053582
782.9000	0.0539014
782.8000	0.0542792
782.7000	0.0546303
782.6000	0.0549057
782.5000	0.0552039
782.4000	0.0552009
782.3000	0.0549748
782.2000	0.0547728
782.1000	0.0544774
782.0000	0.0541081
781.9000	0.0538419
781.8000	0.0537785
781.7000	0.0536513
781.6000	0.0537383
781.5000	0.0539897
781.4000	0.0542473
781.3000	0.0544975
781.2000	0.0548504
781.1000	0.05516
781.0000	0.0552388
780.9000	0.0552132
780.8000	0.0550521
780.7000	0.0547971
780.6000	0.0544788
780.5000	0.0542447
780.4000	0.0540845
780.3000	0.0540079
780.2000	0.0540477
780.1000	0.0541373
780.0000	0.0543545
779.9000	0.0545977
779.8000	0.0548094
779.7000	0.05488
779.6000	0.054887
779.5000	0.0547894
779.4000	0.0547737
779.3000	0.0547997
779.2000	0.0548976
779.1000	0.0550145
779.0000	0.0551145
778.9000	0.0552932
778.8000	0.0555255
778.7000	0.0557828
778.6000	0.055966
778.5000	0.0562172
778.4000	0.0562361
778.3000	0.0561331
778.2000	0.0560626
778.1000	0.0560417
778.0000	0.0559291
777.9000	0.0558517
777.8000	0.0557948
777.7000	0.0557677
777.6000	0.0557001
777.5000	0.0556521
777.4000	0.0555569
777.3000	0.0554637
777.2000	0.055288
777.1000	0.0550633
777.0000	0.0550005
776.9000	0.0548779
776.8000	0.0547789
776.7000	0.0547517
776.6000	0.0548555
776.5000	0.0547596
776.4000	0.0547564
776.3000	0.0549132
776.2000	0.055003
776.1000	0.0550683
776.0000	0.0552913
775.9000	0.0555434
775.8000	0.0557273
775.7000	0.0560271
775.6000	0.0563601
775.5000	0.0564625
775.4000	0.0564828
775.3000	0.0563877
775.2000	0.0561594
775.1000	0.0559131
775.0000	0.0556867
774.9000	0.055416
774.8000	0.0551245
774.7000	0.0548554
774.6000	0.0545204
774.5000	0.0544332
774.4000	0.054454
774.3000	0.0545873
774.2000	0.054821
774.1000	0.055141
774.0000	0.055332
773.9000	0.0555682
773.8000	0.0557979
773.7000	0.0559435
773.6000	0.055946
773.5000	0.0559497
773.4000	0.0558995
773.3000	0.0558541
773.2000	0.0557184
773.1000	0.0556226
773.0000	0.0554418
772.9000	0.0551346
772.8000	0.0549179
772.7000	0.0547161
772.6000	0.0545944
772.5000	0.0544632
772.4000	0.054549
772.3000	0.0545698
772.2000	0.0547366
772.1000	0.054989
772.0000	0.0552512
771.9000	0.0554624
771.8000	0.0556124
771.7000	0.0557407
771.6000	0.0557451
771.5000	0.055819
771.4000	0.055877
771.3000	0.0558024
771.2000	0.0556516
771.1000	0.0554693
771.0000	0.0552134
770.9000	0.0549818
770.8000	0.054861
770.7000	0.0547313
770.6000	0.0546411
770.5000	0.054735
770.4000	0.0549358
770.3000	0.055209
770.2000	0.0555564
770.1000	0.055819
770.0000	0.0560881
769.9000	0.0562137
769.8000	0.0562711
769.7000	0.0562759
769.6000	0.0563213
769.5000	0.0562495
769.4000	0.056114
769.3000	0.0559286
769.2000	0.0557022
769.1000	0.0555154
769.0000	0.055353
768.9000	0.0553448
768.8000	0.0553457
768.7000	0.0553897
768.6000	0.0555548
768.5000	0.0558453
768.4000	0.0560514
768.3000	0.0563892
768.2000	0.0567195
768.1000	0.0568519
768.0000	0.056937
767.9000	0.056922
767.8000	0.056819
767.7000	0.0567025
767.6000	0.0566254
767.5000	0.056399
767.4000	0.056276
767.3000	0.056159
767.2000	0.0560591
767.1000	0.0562023
767.0000	0.0564146
766.9000	0.0566371
766.8000	0.056976
766.7000	0.0573579
766.6000	0.0574831
766.5000	0.0575754
766.4000	0.0575558
766.3000	0.0573061
766.2000	0.0570076
766.1000	0.0567033
766.0000	0.0563823
765.9000	0.0561408
765.8000	0.0561057
765.7000	0.0561065
765.6000	0.0561988
765.5000	0.0563488
765.4000	0.0565797
765.3000	0.0568132
765.2000	0.0569645
765.1000	0.0571408
765.0000	0.057323
764.9000	0.0574056
764.8000	0.0574273
764.7000	0.0575146
764.6000	0.0575077
764.5000	0.0574306
764.4000	0.0574079
764.3000	0.0573155
764.2000	0.0570877
764.1000	0.0569029
764.0000	0.0567953
763.9000	0.0567236
763.8000	0.0567141
763.7000	0.0567395
763.6000	0.0568071
763.5000	0.0568468
763.4000	0.0569192
763.3000	0.0570672
763.2000	0.057324
763.1000	0.0575322
763.0000	0.0576724
762.9000	0.057802
762.8000	0.0578032
762.7000	0.0577533
762.6000	0.0577023
762.5000	0.057709
762.4000	0.0576504
762.3000	0.0575151
762.2000	0.0574368
762.1000	0.0573515
762.0000	0.0572996
761.9000	0.0572902
761.8000	0.0573474
761.7000	0.0573343
761.6000	0.0573509
761.5000	0.0574552
761.4000	0.0575107
761.3000	0.0576949
761.2000	0.0579586
761.1000	0.0582308
761.0000	0.0584406
760.9000	0.0586115
760.8000	0.0586266
760.7000	0.0585831
760.6000	0.058532
760.5000	0.0584296
760.4000	0.0582996
760.3000	0.0581331
760.2000	0.0579588
760.1000	0.0578263
760.0000	0.0577069
759.9000	0.0577056
759.8000	0.0577407
759.7000	0.0577863
759.6000	0.0577625
759.5000	0.0578814
759.4000	0.0579443
759.3000	0.0579779
759.2000	0.0580925
759.1000	0.0582081
759.0000	0.0582853
758.9000	0.0583139
758.8000	0.0585902
758.7000	0.0587908
758.6000	0.059106
758.5000	0.0594451
758.4000	0.0597928
758.3000	0.0599195
758.2000	0.0600543
758.1000	0.0601361
758.0000	0.0600552
757.9000	0.0599302
757.8000	0.0597946
757.7000	0.0596537
757.6000	0.0594366
757.5000	0.0593627
757.4000	0.0594355
757.3000	0.059629
757.2000	0.0598692
757.1000	0.0601507
757.0000	0.0603735
756.9000	0.060546
756.8000	0.0607706
756.7000	0.060868
756.6000	0.0608324
756.5000	0.060781
756.4000	0.0606555
756.3000	0.060551
756.2000	0.0606284
756.1000	0.0607124
756.0000	0.0607347
755.9000	0.0608682
755.8000	0.0609752
755.7000	0.0609992
755.6000	0.0611155
755.5000	0.0611986
755.4000	0.0612373
755.3000	0.061277
755.2000	0.0613135
755.1000	0.0612985
755.0000	0.0612826
754.9000	0.0612532
754.8000	0.0611808
754.7000	0.0611322
754.6000	0.0611067
754.5000	0.0612322
754.4000	0.0613891
754.3000	0.0615779
754.2000	0.0618521
754.1000	0.062204
754.0000	0.0625953
753.9000	0.0629157
753.8000	0.0631264
753.7000	0.0631916
753.6000	0.0632595
753.5000	0.0632259
753.4000	0.0633006
753.3000	0.0633584
753.2000	0.0632701
753.1000	0.0632351
753.0000	0.0631639
752.9000	0.0629117
752.8000	0.0627332
752.7000	0.0628218
752.6000	0.0627207
752.5000	0.0626535
752.4000	0.0627961
752.3000	0.0629605
752.2000	0.0630507
752.1000	0.0633968
752.0000	0.0637046
751.9000	0.063856
751.8000	0.0639094
751.7000	0.0638975
751.6000	0.0637742
751.5000	0.0635549
751.4000	0.0634542
751.3000	0.0633636
751.2000	0.0633312
751.1000	0.063283
751.0000	0.0634458
750.9000	0.0637098
750.8000	0.0638825
750.7000	0.0641617
750.6000	0.0643482
750.5000	0.0644643
750.4000	0.0643442
750.3000	0.0642752
750.2000	0.064023
750.1000	0.0638016
750.0000	0.0636217
749.9000	0.0634118
749.8000	0.0633323
749.7000	0.0632861
749.6000	0.0632799
749.5000	0.0633457
749.4000	0.0635953
749.3000	0.063677
749.2000	0.0637982
749.1000	0.0639364
749.0000	0.0640195
748.9000	0.0641653
748.8000	0.0645233
748.7000	0.0646806
748.6000	0.064764
748.5000	0.0648037
748.4000	0.0647477
748.3000	0.0647069
748.2000	0.0647908
748.1000	0.0648632
748.0000	0.0649232
747.9000	0.0651699
747.8000	0.0653378
747.7000	0.0656566
747.6000	0.0660452
747.5000	0.0663993
747.4000	0.0664931
747.3000	0.0665733
747.2000	0.0664687
747.1000	0.0662242
747.0000	0.0659375
746.9000	0.0656093
746.8000	0.0651985
746.7000	0.0648081
746.6000	0.0645523
746.5000	0.0642656
746.4000	0.0639949
746.3000	0.0638559
746.2000	0.0638381
746.1000	0.063851
746.0000	0.0639321
745.9000	0.0640187
745.8000	0.0640323
745.7000	0.0640252
745.6000	0.0640791
745.5000	0.064126
745.4000	0.0642434
745.3000	0.0643604
745.2000	0.064439
745.1000	0.0644708
745.0000	0.0644637
744.9000	0.0644171
744.8000	0.0642591
744.7000	0.0640788
744.6000	0.0638682
744.5000	0.0637502
744.4000	0.0636431
744.3000	0.0636925
744.2000	0.0638325
744.1000	0.0640188
744.0000	0.0642256
743.9000	0.0644057
743.8000	0.0644763
743.7000	0.0643966
743.6000	0.0643015
743.5000	0.064127
743.4000	0.0640683
743.3000	0.0639897
743.2000	0.0639912
743.1000	0.063938
743.0000	0.0639124
742.9000	0.0638916
742.8000	0.0639346
742.7000	0.0639191
742.6000	0.063854
742.5000	0.0639163
742.4000	0.0639941
742.3000	0.0641379
742.2000	0.0643332
742.1000	0.0644889
742.0000	0.0645424
741.9000	0.0645791
741.8000	0.0645807
741.7000	0.0645305
741.6000	0.0645213
741.5000	0.0645005
741.4000	0.0643724
741.3000	0.064296
741.2000	0.0643244
741.1000	0.0643946
741.0000	0.0643686
740.9000	0.0643188
740.8000	0.0642213
740.7000	0.0641006
740.6000	0.0639934
740.5000	0.0639133
740.4000	0.0638609
740.3000	0.063739
740.2000	0.0637936
740.1000	0.0639294
740.0000	0.064044
739.9000	0.0642365
739.8000	0.0644815
739.7000	0.0645561
739.6000	0.0645835
739.5000	0.0645951
739.4000	0.0645574
739.3000	0.0645419
739.2000	0.0644746
739.1000	0.0643459
739.0000	0.0643439
738.9000	0.0643771
738.8000	0.0643436
738.7000	0.0643715
738.6000	0.064323
738.5000	0.0641838
738.4000	0.0641344
738.3000	0.0641209
738.2000	0.0641006
738.1000	0.0641951
738.0000	0.0643254
737.9000	0.064301
737.8000	0.064355
737.7000	0.0643794
737.6000	0.0643692
737.5000	0.0643727
737.4000	0.0643196
737.3000	0.0641321
737.2000	0.0639864
737.1000	0.0638404
737.0000	0.0637098
736.9000	0.06368
736.8000	0.0637
736.7000	0.0637146
736.6000	0.0637261
736.5000	0.0637381
736.4000	0.0637059
736.3000	0.0637217
736.2000	0.0636923
736.1000	0.063661
736.0000	0.0635786
735.9000	0.0635079
735.8000	0.0634442
735.7000	0.0635033
735.6000	0.0635049
735.5000	0.0635704
735.4000	0.0636622
735.3000	0.0635853
735.2000	0.063376
735.1000	0.0632851
735.0000	0.0632141
734.9000	0.0630036
734.8000	0.0631069
734.7000	0.0632007
734.6000	0.0631567
734.5000	0.0631957
734.4000	0.0634076
734.3000	0.0633457
734.2000	0.0632773
734.1000	0.0633336
734.0000	0.0631495
733.9000	0.0629104
733.8000	0.0628347
733.7000	0.0627793
733.6000	0.0627001
733.5000	0.0627697
733.4000	0.0628662
733.3000	0.0628778
733.2000	0.0629241
733.1000	0.0629215
733.0000	0.0628496
732.9000	0.062762
732.8000	0.0626817
732.7000	0.0624916
732.6000	0.0623193
732.5000	0.0622131
732.4000	0.0620426
732.3000	0.0618644
732.2000	0.0617963
732.1000	0.0616188
732.0000	0.0613384
731.9000	0.0612363
731.8000	0.0612049
731.7000	0.0611147
731.6000	0.0612746
731.5000	0.0614872
731.4000	0.0616012
731.3000	0.0617926
731.2000	0.0621248
731.1000	0.0623415
731.0000	0.0625285
730.9000	0.0626876
730.8000	0.0626314
730.7000	0.0624957
730.6000	0.0622819
730.5000	0.0621206
730.4000	0.0618775
730.3000	0.0617376
730.2000	0.0615071
730.1000	0.0613647
730.0000	0.0612562
729.9000	0.061299
729.8000	0.0614207
729.7000	0.0616004
729.6000	0.0617404
729.5000	0.0616932
729.4000	0.0616276
729.3000	0.0615278
729.2000	0.0613531
729.1000	0.0611476
729.0000	0.0609726
728.9000	0.0607518
728.8000	0.0605505
728.7000	0.060456
728.6000	0.0604328
728.5000	0.06045
728.4000	0.0605764
728.3000	0.0605942
728.2000	0.0606522
728.1000	0.060672
728.0000	0.0607949
727.9000	0.0608874
727.8000	0.0609271
727.7000	0.0609273
727.6000	0.0608687
727.5000	0.060803
727.4000	0.0607267
727.3000	0.0607271
727.2000	0.0606724
727.1000	0.0607226
727.0000	0.0608181
726.9000	0.0608655
726.8000	0.060969
726.7000	0.0611664
726.6000	0.0612327
726.5000	0.0612816
726.4000	0.0613162
726.3000	0.06128
726.2000	0.0611266
726.1000	0.061049
726.0000	0.0608969
725.9000	0.0607413
725.8000	0.0606679
725.7000	0.0605722
725.6000	0.0604785
725.5000	0.0603586
725.4000	0.0603169
725.3000	0.0602453
725.2000	0.0602219
725.1000	0.0602253
725.0000	0.0602654
724.9000	0.0602951
724.8000	0.0602757
724.7000	0.0603339
724.6000	0.0604807
724.5000	0.0605946
724.4000	0.06067
724.3000	0.0607143
724.2000	0.0607119
724.1000	0.060722
724.0000	0.0607015
723.9000	0.0606808
723.8000	0.0606315
723.7000	0.060577
723.6000	0.060484
723.5000	0.0604064
723.4000	0.0602992
723.3000	0.0602354
723.2000	0.0602502
723.1000	0.0601187
723.0000	0.0599963
722.9000	0.0599227
722.8000	0.0598526
722.7000	0.0598416
722.6000	0.0599316
722.5000	0.0599771
722.4000	0.0599536
722.3000	0.05999
722.2000	0.059956
722.1000	0.0599055
722.0000	0.0599141
721.9000	0.0598851
721.8000	0.0597698
721.7000	0.0596224
721.6000	0.0595285
721.5000	0.0594743
721.4000	0.0593916
721.3000	0.0594281
721.2000	0.0594768
721.1000	0.0595082
721.0000	0.0595691
720.9000	0.0597582
720.8000	0.0599537
720.7000	0.0601776
720.6000	0.0605234
720.5000	0.0608279
720.4000	0.0611142
720.3000	0.0613176
720.2000	0.0614591
720.1000	0.0614179
720.0000	0.0613068
719.9000	0.0610607
719.8000	0.060816
719.7000	0.0604198
719.6000	0.0599843
719.5000	0.0596415
719.4000	0.0593878
719.3000	0.0590868
719.2000	0.0589583
719.1000	0.0589894
719.0000	0.0589433
718.9000	0.059021
718.8000	0.0592441
718.7000	0.0594759
718.6000	0.0597102
718.5000	0.0601735
718.4000	0.0605508
718.3000	0.0608398
718.2000	0.061062
718.1000	0.061179
718.0000	0.0610817
717.9000	0.0608985
717.8000	0.0606041
717.7000	0.0602164
717.6000	0.0598257
717.5000	0.0594882
717.4000	0.059253
717.3000	0.0591516
717.2000	0.0591811
717.1000	0.0592439
717.0000	0.059335
716.9000	0.0594788
716.8000	0.0596122
716.7000	0.0597691
716.6000	0.0598722
716.5000	0.0599415
716.4000	0.0598654
716.3000	0.0597906
716.2000	0.0597331
716.1000	0.0595816
716.0000	0.0594538
715.9000	0.0594089
715.8000	0.0594266
715.7000	0.0594043
715.6000	0.0595614
715.5000	0.0597151
715.4000	0.0598603
715.3000	0.0599963
715.2000	0.0601439
715.1000	0.060112
715.0000	0.0599837
714.9000	0.059902
714.8000	0.0597828
714.7000	0.0596236
714.6000	0.0594952
714.5000	0.0594484
714.4000	0.0592985
714.3000	0.0592035
714.2000	0.0591432
714.1000	0.0590765
714.0000	0.0589843
713.9000	0.0589637
713.8000	0.0589214
713.7000	0.0589589
713.6000	0.0591247
713.5000	0.0593533
713.4000	0.0595482
713.3000	0.059666
713.2000	0.0597168
713.1000	0.0597268
713.0000	0.0597242
712.9000	0.059594
712.8000	0.0594088
712.7000	0.0592079
712.6000	0.059135
712.5000	0.0591283
712.4000	0.0591282
712.3000	0.0591713
712.2000	0.0592003
712.1000	0.0591529
712.0000	0.0590956
711.9000	0.0591148
711.8000	0.0590905
711.7000	0.0590205
711.6000	0.0590341
711.5000	0.0590443
711.4000	0.0591553
711.3000	0.05938
711.2000	0.0595878
711.1000	0.0596467
711.0000	0.0596277
710.9000	0.0595824
710.8000	0.0594729
710.7000	0.0594627
710.6000	0.0594045
710.5000	0.0593005
710.4000	0.0591879
710.3000	0.0591272
710.2000	0.0590298
710.1000	0.0590724
710.0000	0.0591852
709.9000	0.0592
709.8000	0.0592001
709.7000	0.0592312
709.6000	0.0591997
709.5000	0.0591554
709.4000	0.0591756
709.3000	0.0591284
709.2000	0.0590889
709.1000	0.0590626
709.0000	0.0590686
708.9000	0.0590694
708.8000	0.0591415
708.7000	0.0591972
708.6000	0.059276
708.5000	0.0592206
708.4000	0.0591601
708.3000	0.0591883
708.2000	0.0591607
708.1000	0.0591566
708.0000	0.0592433
707.9000	0.0593391
707.8000	0.0593271
707.7000	0.0594275
707.6000	0.0595119
707.5000	0.0594713
707.4000	0.0594637
707.3000	0.059443
707.2000	0.0593912
707.1000	0.0593296
707.0000	0.0593716
706.9000	0.0594415
706.8000	0.0595467
706.7000	0.0596661
706.6000	0.0597387
706.5000	0.0598353
706.4000	0.0598611
706.3000	0.0597747
706.2000	0.0597043
706.1000	0.0596561
706.0000	0.0596038
705.9000	0.0595067
705.8000	0.0594763
705.7000	0.0593372
705.6000	0.0592365
705.5000	0.0592411
705.4000	0.0592437
705.3000	0.0592181
705.2000	0.0591314
705.1000	0.0590346
705.0000	0.0588537
704.9000	0.0588256
704.8000	0.0587981
704.7000	0.0588425
704.6000	0.0588815
704.5000	0.058951
704.4000	0.0590117
704.3000	0.0591512
704.2000	0.0593429
704.1000	0.0594784
704.0000	0.0595759
703.9000	0.059626
703.8000	0.0596128
703.7000	0.059577
703.6000	0.0595585
703.5000	0.0594722
703.4000	0.0593183
703.3000	0.0592141
703.2000	0.0591277
703.1000	0.0590038
703.0000	0.0589974
702.9000	0.0590526
702.8000	0.0591639
702.7000	0.0593503
702.6000	0.0596586
702.5000	0.0598942
702.4000	0.0600714
702.3000	0.0602566
702.2000	0.0603219
702.1000	0.0603106
702.0000	0.0601763
701.9000	0.0600035
701.8000	0.0597374
701.7000	0.0594369
701.6000	0.0591708
701.5000	0.0589787
701.4000	0.0588971
701.3000	0.0588022
701.2000	0.0588515
701.1000	0.0589206
701.0000	0.0590511
700.9000	0.059195
700.8000	0.0594496
700.7000	0.0596552
700.6000	0.0598623
700.5000	0.0600555
700.4000	0.0602191
700.3000	0.0602789
700.2000	0.0602812
700.1000	0.0602658
700.0000	0.0602374
699.9000	0.060193
699.8000	0.0600565
699.7000	0.0599157
699.6000	0.0597486
699.5000	0.0596249
699.4000	0.0595402
699.3000	0.0595435
699.2000	0.0595819
699.1000	0.0596585
699.0000	0.059832
698.9000	0.0600347
698.8000	0.0602171
698.7000	0.0604118
698.6000	0.0606176
698.5000	0.0607653
698.4000	0.0608293
698.3000	0.0609338
698.2000	0.0609558
698.1000	0.0608699
698.0000	0.0608109
697.9000	0.0607822
697.8000	0.0606778
697.7000	0.0605926
697.6000	0.0605357
697.5000	0.060332
697.4000	0.0601482
697.3000	0.0601029
697.2000	0.0599567
697.1000	0.0598469
697.0000	0.0598543
696.9000	0.0598302
696.8000	0.0597573
696.7000	0.0599297
696.6000	0.0601504
696.5000	0.0602957
696.4000	0.0605082
696.3000	0.0606868
696.2000	0.0607912
696.1000	0.060842
696.0000	0.0609171
695.9000	0.0608192
695.8000	0.0606849
695.7000	0.0605388
695.6000	0.060381
695.5000	0.0602084
695.4000	0.0600741
695.3000	0.0600619
695.2000	0.060113
695.1000	0.060218
695.0000	0.0603713
694.9000	0.0606113
694.8000	0.0608171
694.7000	0.0609277
694.6000	0.0609793
694.5000	0.0608969
694.4000	0.0607644
694.3000	0.0606022
694.2000	0.0604748
694.1000	0.0603146
694.0000	0.0601761
693.9000	0.0600758
693.8000	0.0599831
693.7000	0.0598479
693.6000	0.0596593
693.5000	0.0595703
693.4000	0.0594001
693.3000	0.0592466
693.2000	0.0591409
693.1000	0.0591822
693.0000	0.0592789
692.9000	0.0595179
692.8000	0.0597987
692.7000	0.0599818
692.6000	0.0601312
692.5000	0.0601855
692.4000	0.0602268
692.3000	0.0601818
692.2000	0.0601455
692.1000	0.0600781
692.0000	0.0600132
691.9000	0.0599595
691.8000	0.0599991
691.7000	0.0601346
691.6000	0.0603564
691.5000	0.0605909
691.4000	0.0607662
691.3000	0.0609548
691.2000	0.0611483
691.1000	0.0612201
691.0000	0.0612643
690.9000	0.0613146
690.8000	0.0611821
690.7000	0.0609949
690.6000	0.0608663
690.5000	0.060668
690.4000	0.0604252
690.3000	0.0602669
690.2000	0.0600772
690.1000	0.0598921
690.0000	0.0598491
689.9000	0.0598505
689.8000	0.0599604
689.7000	0.0601829
689.6000	0.060395
689.5000	0.0605783
689.4000	0.0607922
689.3000	0.0608632
689.2000	0.0608461
689.1000	0.0608814
689.0000	0.0608855
688.9000	0.0607929
688.8000	0.0607526
688.7000	0.0607926
688.6000	0.0607457
688.5000	0.0607846
688.4000	0.0609283
688.3000	0.0610994
688.2000	0.0611118
688.1000	0.0611791
688.0000	0.061174
687.9000	0.0610952
687.8000	0.0610893
687.7000	0.0611682
687.6000	0.0612215
687.5000	0.06122
687.4000	0.0612859
687.3000	0.061305
687.2000	0.0613603
687.1000	0.0614312
687.0000	0.0615134
686.9000	0.0614974
686.8000	0.0613659
686.7000	0.0612665
686.6000	0.0612096
686.5000	0.0611456
686.4000	0.0611956
686.3000	0.0613492
686.2000	0.0614217
686.1000	0.0614802
686.0000	0.0616453
685.9000	0.0617328
685.8000	0.0617033
685.7000	0.0617506
685.6000	0.0617441
685.5000	0.0616898
685.4000	0.0616167
685.3000	0.0615966
685.2000	0.0614918
685.1000	0.0613896
685.0000	0.0612622
684.9000	0.0611601
684.8000	0.061101
684.7000	0.0610762
684.6000	0.0611287
684.5000	0.0612265
684.4000	0.0613557
684.3000	0.0614872
684.2000	0.0616667
684.1000	0.0618015
684.0000	0.0618701
683.9000	0.0618794
683.8000	0.0618856
683.7000	0.0618539
683.6000	0.0618399
683.5000	0.0618694
683.4000	0.061994
683.3000	0.0620814
683.2000	0.0621495
683.1000	0.0622405
683.0000	0.062314
682.9000	0.062339
682.8000	0.0623847
682.7000	0.0624296
682.6000	0.0623896
682.5000	0.062351
682.4000	0.0623012
682.3000	0.0622187
682.2000	0.0621005
682.1000	0.0619725
682.0000	0.0618866
681.9000	0.0617948
681.8000	0.061723
681.7000	0.0617007
681.6000	0.0617208
681.5000	0.0617109
681.4000	0.0617584
681.3000	0.0618205
681.2000	0.0618104
681.1000	0.0618407
681.0000	0.0618993
680.9000	0.0619113
680.8000	0.0619115
680.7000	0.0619726
680.6000	0.0619555
680.5000	0.0619435
680.4000	0.061989
680.3000	0.062025
680.2000	0.062033
680.1000	0.0621057
680.0000	0.062216
679.9000	0.0622518
679.8000	0.0623245
679.7000	0.0623996
679.6000	0.062397
679.5000	0.0622649
679.4000	0.0622379
679.3000	0.0622163
679.2000	0.0621682
679.1000	0.0622362
679.0000	0.0624299
678.9000	0.062585
678.8000	0.0627496
678.7000	0.0630185
678.6000	0.0631927
678.5000	0.0632851
678.4000	0.063276
678.3000	0.0631916
678.2000	0.0630275
678.1000	0.0629082
678.0000	0.0627433
677.9000	0.0626004
677.8000	0.0624753
677.7000	0.062305
677.6000	0.0622126
677.5000	0.0622068
677.4000	0.062235
677.3000	0.0622221
677.2000	0.0623999
677.1000	0.0625455
677.0000	0.0626658
676.9000	0.0628588
676.8000	0.0630805
676.7000	0.063165
676.6000	0.0631855
676.5000	0.0632642
676.4000	0.0632272
676.3000	0.0631759
676.2000	0.0631709
676.1000	0.0631217
676.0000	0.0630647
675.9000	0.0630159
675.8000	0.0630225
675.7000	0.0629937
675.6000	0.0630784
675.5000	0.0631397
675.4000	0.0632703
675.3000	0.0634586
675.2000	0.0636724
675.1000	0.063815
675.0000	0.0639198
674.9000	0.0640113
674.8000	0.0639751
674.7000	0.0639347
674.6000	0.0637973
674.5000	0.0636541
674.4000	0.0634043
674.3000	0.0632782
674.2000	0.0631431
674.1000	0.0631096
674.0000	0.063097
673.9000	0.0632362
673.8000	0.0634024
673.7000	0.0636184
673.6000	0.0639029
673.5000	0.0642188
673.4000	0.0644402
673.3000	0.0646476
673.2000	0.0648459
673.1000	0.0649173
673.0000	0.0649334
672.9000	0.0649449
672.8000	0.0648694
672.7000	0.0647812
672.6000	0.0647779
672.5000	0.064732
672.4000	0.0647062
672.3000	0.0647166
672.2000	0.0647281
672.1000	0.0647417
672.0000	0.0647916
671.9000	0.0648267
671.8000	0.0648317
671.7000	0.0648613
671.6000	0.0648646
671.5000	0.0648623
671.4000	0.0648438
671.3000	0.0647658
671.2000	0.0646636
671.1000	0.064528
671.0000	0.0644455
670.9000	0.0643248
670.8000	0.0642634
670.7000	0.0641784
670.6000	0.0641176
670.5000	0.0640773
670.4000	0.0641423
670.3000	0.0642111
670.2000	0.0643299
670.1000	0.0645424
670.0000	0.0647304
669.9000	0.0649268
669.8000	0.0651005
669.7000	0.0652788
669.6000	0.0654167
669.5000	0.0655171
669.4000	0.0655316
669.3000	0.0655658
669.2000	0.0655033
669.1000	0.0654026
669.0000	0.0653257
668.9000	0.0651399
668.8000	0.0648392
668.7000	0.0645872
668.6000	0.0643765
668.5000	0.0641256
668.4000	0.0640235
668.3000	0.0640256
668.2000	0.0640751
668.1000	0.0641972
668.0000	0.0644659
667.9000	0.06486
667.8000	0.0652319
667.7000	0.0655471
667.6000	0.0657222
667.5000	0.0657405
667.4000	0.0656559
667.3000	0.065615
667.2000	0.0655643
667.1000	0.0654435
667.0000	0.0654246
666.9000	0.065368
666.8000	0.0653198
666.7000	0.0653619
666.6000	0.0654939
666.5000	0.0655651
666.4000	0.0656766
666.3000	0.0657571
666.2000	0.0657258
666.1000	0.0657309
666.0000	0.0657472
665.9000	0.0657086
665.8000	0.0656493
665.7000	0.0656368
665.6000	0.0655299
665.5000	0.0654133
665.4000	0.0653305
665.3000	0.0652944
665.2000	0.0652669
665.1000	0.0652808
665.0000	0.0653769
664.9000	0.0654804
664.8000	0.0656111
664.7000	0.0657467
664.6000	0.0658941
664.5000	0.0659733
664.4000	0.0660084
664.3000	0.0660823
664.2000	0.0660521
664.1000	0.066025
664.0000	0.0659716
663.9000	0.0660507
663.8000	0.0660938
663.7000	0.0662111
663.6000	0.0663714
663.5000	0.0665036
663.4000	0.0665636
663.3000	0.0665775
663.2000	0.0666215
663.1000	0.0665489
663.0000	0.0664889
662.9000	0.066431
662.8000	0.066406
662.7000	0.0664299
662.6000	0.0665603
662.5000	0.0666966
662.4000	0.0667827
662.3000	0.0668447
662.2000	0.0668238
662.1000	0.0668352
662.0000	0.0668713
661.9000	0.0668658
661.8000	0.0668565
661.7000	0.066832
661.6000	0.0667652
661.5000	0.0666662
661.4000	0.0667161
661.3000	0.0666919
661.2000	0.0666453
661.1000	0.0666015
661.0000	0.0665585
660.9000	0.0664952
660.8000	0.066541
660.7000	0.0667148
660.6000	0.0668237
660.5000	0.0669484
660.4000	0.0670782
660.3000	0.0672126
660.2000	0.0673096
660.1000	0.0673906
660.0000	0.0674573
659.9000	0.0674184
659.8000	0.0673212
659.7000	0.0672016
659.6000	0.0671592
659.5000	0.0671129
659.4000	0.0671182
659.3000	0.0671849
659.2000	0.0672367
659.1000	0.0672404
659.0000	0.0673149
658.9000	0.0673511
658.8000	0.0673365
658.7000	0.0672883
658.6000	0.0672357
658.5000	0.0671588
658.4000	0.0671546
658.3000	0.0671947
658.2000	0.0672301
658.1000	0.067375
658.0000	0.0674861
657.9000	0.0675835
657.8000	0.0676618
657.7000	0.0677457
657.6000	0.0677144
657.5000	0.0677016
657.4000	0.0676531
657.3000	0.0675426
657.2000	0.0674567
657.1000	0.0674084
657.0000	0.0673422
656.9000	0.0673288
656.8000	0.0673857
656.7000	0.0674277
656.6000	0.0675005
656.5000	0.0676465
656.4000	0.067776
656.3000	0.0678945
656.2000	0.0680801
656.1000	0.068216
656.0000	0.0683246
655.9000	0.0684403
655.8000	0.0685227
655.7000	0.0685252
655.6000	0.0685611
655.5000	0.0685344
655.4000	0.0684157
655.3000	0.0683443
655.2000	0.0682588
655.1000	0.0680859
655.0000	0.0679369
654.9000	0.0678423
654.8000	0.0677011
654.7000	0.0676102
654.6000	0.0676233
654.5000	0.0676564
654.4000	0.06769
654.3000	0.0678296
654.2000	0.0680004
654.1000	0.0681183
654.0000	0.0682418
653.9000	0.0683953
653.8000	0.0684901
653.7000	0.0685771
653.6000	0.0686674
653.5000	0.0687222
653.4000	0.0687872
653.3000	0.0688051
653.2000	0.0687508
653.1000	0.0687441
653.0000	0.0687133
652.9000	0.0685911
652.8000	0.0685452
652.7000	0.0685002
652.6000	0.0683865
652.5000	0.0683671
652.4000	0.0684756
652.3000	0.0684767
652.2000	0.0685636
652.1000	0.0687308
652.0000	0.0688618
651.9000	0.0689825
651.8000	0.0691782
651.7000	0.0693327
651.6000	0.0694533
651.5000	0.069639
651.4000	0.0698111
651.3000	0.06994
651.2000	0.070044
651.1000	0.0701259
651.0000	0.0701139
650.9000	0.0700412
650.8000	0.0699172
650.7000	0.069816
650.6000	0.0697173
650.5000	0.0696876
650.4000	0.0697218
650.3000	0.0698639
650.2000	0.0700375
650.1000	0.070263
650.0000	0.0704623
649.9000	0.0705792
649.8000	0.070623
649.7000	0.0705959
649.6000	0.0704938
649.5000	0.0703619
649.4000	0.0702996
649.3000	0.0702785
649.2000	0.0703072
649.1000	0.0703656
649.0000	0.0703887
648.9000	0.0703934
648.8000	0.0703883
648.7000	0.0703725
648.6000	0.0702936
648.5000	0.0702214
648.4000	0.070169
648.3000	0.0701741
648.2000	0.0702561
648.1000	0.0704113
648.0000	0.0706562
647.9000	0.0708978
647.8000	0.0710947
647.7000	0.071261
647.6000	0.0713759
647.5000	0.0714282
647.4000	0.0714098
647.3000	0.0713831
647.2000	0.0712856
647.1000	0.0712068
647.0000	0.0711252
646.9000	0.071056
646.8000	0.0710438
646.7000	0.0710111
646.6000	0.071019
646.5000	0.0710406
646.4000	0.0710675
646.3000	0.0710405
646.2000	0.0711176
646.1000	0.0712013
646.0000	0.0712554
645.9000	0.0713041
645.8000	0.0713424
645.7000	0.0713236
645.6000	0.0713032
645.5000	0.0713613
645.4000	0.0714042
645.3000	0.0714359
645.2000	0.0714616
645.1000	0.0715145
645.0000	0.0715415
644.9000	0.0715901
644.8000	0.0716672
644.7000	0.0717228
644.6000	0.0717812
644.5000	0.0718161
644.4000	0.0718937
644.3000	0.0719747
644.2000	0.0721145
644.1000	0.0722296
644.0000	0.0723469
643.9000	0.0723875
643.8000	0.0723664
643.7000	0.0723176
643.6000	0.0722427
643.5000	0.0721624
643.4000	0.0721685
643.3000	0.0722422
643.2000	0.0723422
643.1000	0.0725215
643.0000	0.0727398
642.9000	0.0729847
642.8000	0.0732479
642.7000	0.0735249
642.6000	0.0736615
642.5000	0.0737655
642.4000	0.0737341
642.3000	0.0736277
642.2000	0.0734706
642.1000	0.0732666
642.0000	0.0730031
641.9000	0.0728145
641.8000	0.0727084
641.7000	0.0726081
641.6000	0.0726769
641.5000	0.07284
641.4000	0.0730156
641.3000	0.0732318
641.2000	0.073487
641.1000	0.0736384
641.0000	0.0737212
640.9000	0.0737836
640.8000	0.0737712
640.7000	0.0737476
640.6000	0.073792
640.5000	0.0738522
640.4000	0.0738897
640.3000	0.0738732
640.2000	0.0738165
640.1000	0.0737576
640.0000	0.0736741
639.9000	0.0735556
639.8000	0.0734564
639.7000	0.0734019
639.6000	0.0734171
639.5000	0.0735391
639.4000	0.0737718
639.3000	0.0740924
639.2000	0.0743745
639.1000	0.0745777
639.0000	0.0747219
638.9000	0.0748201
638.8000	0.0748344
638.7000	0.0748493
638.6000	0.0748667
638.5000	0.0748339
638.4000	0.07478
638.3000	0.0748054
638.2000	0.0748817
638.1000	0.0749419
638.0000	0.0750341
637.9000	0.0751914
637.8000	0.0752903
637.7000	0.0753428
637.6000	0.075478
637.5000	0.0755657
637.4000	0.0755622
637.3000	0.0755895
637.2000	0.0755857
637.1000	0.0754894
637.0000	0.0754493
636.9000	0.0754079
636.8000	0.0752705
636.7000	0.0751763
636.6000	0.0750395
636.5000	0.0748802
636.4000	0.0747822
636.3000	0.0747342
636.2000	0.0746772
636.1000	0.074749
636.0000	0.0748685
635.9000	0.0749775
635.8000	0.0751676
635.7000	0.0753885
635.6000	0.0755785
635.5000	0.0757776
635.4000	0.0759527
635.3000	0.0760078
635.2000	0.0760281
635.1000	0.0760432
635.0000	0.0760411
634.9000	0.0760237
634.8000	0.0760351
634.7000	0.0760157
634.6000	0.0759706
634.5000	0.0759316
634.4000	0.075986
634.3000	0.0760554
634.2000	0.076204
634.1000	0.076372
634.0000	0.0765781
633.9000	0.0767496
633.8000	0.0769378
633.7000	0.0770364
633.6000	0.0770975
633.5000	0.0770874
633.4000	0.0769824
633.3000	0.0768608
633.2000	0.0767229
633.1000	0.0765725
633.0000	0.0764318
632.9000	0.0764446
632.8000	0.0764688
632.7000	0.0765524
632.6000	0.0767128
632.5000	0.0769
632.4000	0.0770887
632.3000	0.0772673
632.2000	0.0774401
632.1000	0.0775757
632.0000	0.0777024
631.9000	0.0777811
631.8000	0.0778187
631.7000	0.0778615
631.6000	0.0778665
631.5000	0.0778722
631.4000	0.0778724
631.3000	0.0778588
631.2000	0.0777969
631.1000	0.0777374
631.0000	0.0776851
630.9000	0.0775837
630.8000	0.0775233
630.7000	0.0775429
630.6000	0.0776168
630.5000	0.077692
630.4000	0.0778138
630.3000	0.0779622
630.2000	0.0780865
630.1000	0.0781637
630.0000	0.0781853
629.9000	0.0781924
629.8000	0.0781871
629.7000	0.0782123
629.6000	0.0782594
629.5000	0.0783907
629.4000	0.0785004
629.3000	0.0786032
629.2000	0.0787022
629.1000	0.0787409
629.0000	0.0786702
628.9000	0.0785301
628.8000	0.0784419
628.7000	0.0783253
628.6000	0.0782891
628.5000	0.0783599
628.4000	0.07849
628.3000	0.0786141
628.2000	0.0787964
628.1000	0.0790328
628.0000	0.079215
627.9000	0.0793878
627.8000	0.0795835
627.7000	0.0796738
627.6000	0.0796996
627.5000	0.0797531
627.4000	0.0798025
627.3000	0.0797606
627.2000	0.0797655
627.1000	0.0797556
627.0000	0.0796356
626.9000	0.0796261
626.8000	0.0796512
626.7000	0.079708
626.6000	0.0798009
626.5000	0.0800332
626.4000	0.0801673
626.3000	0.0803463
626.2000	0.0805435
626.1000	0.080683
626.0000	0.0807805
625.9000	0.0808871
625.8000	0.0809335
625.7000	0.0809195
625.6000	0.0809197
625.5000	0.0808252
625.4000	0.0807569
625.3000	0.0807469
625.2000	0.0807033
625.1000	0.0807141
625.0000	0.0808442
624.9000	0.080992
624.8000	0.0810722
624.7000	0.081189
624.6000	0.0812755
624.5000	0.0813144
624.4000	0.0813577
624.3000	0.0814063
624.2000	0.0814633
624.1000	0.0814694
624.0000	0.0815043
623.9000	0.0815206
623.8000	0.0815335
623.7000	0.0815792
623.6000	0.0816436
623.5000	0.0817035
623.4000	0.0817973
623.3000	0.081959
623.2000	0.0821251
623.1000	0.0823252
623.0000	0.082517
622.9000	0.0826592
622.8000	0.0828041
622.7000	0.0828983
622.6000	0.0829001
622.5000	0.0828841
622.4000	0.0828195
622.3000	0.0827074
622.2000	0.0826079
622.1000	0.0825316
622.0000	0.0824473
621.9000	0.0824265
621.8000	0.0824029
621.7000	0.0824007
621.6000	0.0824569
621.5000	0.0825592
621.4000	0.0826827
621.3000	0.0828665
621.2000	0.0830723
621.1000	0.0832503
621.0000	0.0834371
620.9000	0.0835939
620.8000	0.0837509
620.7000	0.0837967
620.6000	0.0838096
620.5000	0.083778
620.4000	0.0836737
620.3000	0.0834883
620.2000	0.0833636
620.1000	0.0832931
620.0000	0.0832521
619.9000	0.0833463
619.8000	0.0835466
619.7000	0.0837805
619.6000	0.0840409
619.5000	0.0843183
619.4000	0.0845495
619.3000	0.0847026
619.2000	0.0847693
619.1000	0.0847925
619.0000	0.0847714
618.9000	0.0847005
618.8000	0.0846987
618.7000	0.0848001
618.6000	0.0849116
618.5000	0.0850575
618.4000	0.0852604
618.3000	0.0854002
618.2000	0.0855646
618.1000	0.0857399
618.0000	0.0858776
617.9000	0.0859812
617.8000	0.0860587
617.7000	0.0861084
617.6000	0.0861237
617.5000	0.0861481
617.4000	0.0861726
617.3000	0.0862508
617.2000	0.0862858
617.1000	0.0863282
617.0000	0.0864137
616.9000	0.086448
616.8000	0.0865432
616.7000	0.0866448
616.6000	0.0867204
616.5000	0.0867547
616.4000	0.0868519
616.3000	0.0868847
616.2000	0.0869167
616.1000	0.0870125
616.0000	0.0871244
615.9000	0.0872672
615.8000	0.0873987
615.7000	0.0874938
615.6000	0.0875861
615.5000	0.08767
615.4000	0.087771
615.3000	0.0878057
615.2000	0.0877756
615.1000	0.0876888
615.0000	0.0875894
614.9000	0.0874783
614.8000	0.0874024
614.7000	0.0874064
614.6000	0.0874423
614.5000	0.0875254
614.4000	0.0876475
614.3000	0.087836
614.2000	0.0880487
614.1000	0.0883002
614.0000	0.0885307
613.9000	0.0887195
613.8000	0.0888485
613.7000	0.088996
613.6000	0.0890631
613.5000	0.0891015
613.4000	0.0891189
613.3000	0.0891602
613.2000	0.0891834
613.1000	0.0892822
613.0000	0.0893449
612.9000	0.0893674
612.8000	0.0894452
612.7000	0.0895439
612.6000	0.0896076
612.5000	0.0896822
612.4000	0.0897769
612.3000	0.0898096
612.2000	0.0899183
612.1000	0.0900735
612.0000	0.090278
611.9000	0.0904568
611.8000	0.0906339
611.7000	0.0907121
611.6000	0.0907533
611.5000	0.090786
611.4000	0.0908242
611.3000	0.0908773
611.2000	0.0909132
611.1000	0.0909847
611.0000	0.091064
610.9000	0.0911528
610.8000	0.0912284
610.7000	0.0913112
610.6000	0.0913543
610.5000	0.0913935
610.4000	0.091479
610.3000	0.0915896
610.2000	0.0917617
610.1000	0.0920071
610.0000	0.0922507
609.9000	0.0924649
609.8000	0.0926457
609.7000	0.092743
609.6000	0.0927627
609.5000	0.0927811
609.4000	0.0927688
609.3000	0.0927142
609.2000	0.0927147
609.1000	0.0927108
609.0000	0.0926844
608.9000	0.092735
608.8000	0.0928906
608.7000	0.093036
608.6000	0.0931795
608.5000	0.0933698
608.4000	0.0935333
608.3000	0.093666
608.2000	0.093794
608.1000	0.0939538
608.0000	0.0940196
607.9000	0.0939639
607.8000	0.0939075
607.7000	0.0938898
607.6000	0.093815
607.5000	0.0938263
607.4000	0.0940256
607.3000	0.0942253
607.2000	0.0944291
607.1000	0.0948241
607.0000	0.0952049
606.9000	0.0954515
606.8000	0.0957325
606.7000	0.0959693
606.6000	0.0960161
606.5000	0.0959963
606.4000	0.0960343
606.3000	0.0959623
606.2000	0.0959055
606.1000	0.0959031
606.0000	0.0959548
605.9000	0.0959639
605.8000	0.0960387
605.7000	0.0961187
605.6000	0.0961815
605.5000	0.0962829
605.4000	0.096393
605.3000	0.0965505
605.2000	0.0966924
605.1000	0.0968544
605.0000	0.0969857
604.9000	0.0971191
604.8000	0.0971835
604.7000	0.0972237
604.6000	0.0973274
604.5000	0.0974125
604.4000	0.0975352
604.3000	0.0976835
604.2000	0.0978508
604.1000	0.098019
604.0000	0.0982312
603.9000	0.0984638
603.8000	0.0986091
603.7000	0.0987821
603.6000	0.0988909
603.5000	0.0989912
603.4000	0.0990911
603.3000	0.0992441
603.2000	0.0993912
603.1000	0.099499
603.0000	0.099651
602.9000	0.099785
602.8000	0.0999637
602.7000	0.100137
602.6000	0.100266
602.5000	0.100325
602.4000	0.100323
602.3000	0.100295
602.2000	0.100243
602.1000	0.10023
602.0000	0.100263
601.9000	0.100369
601.8000	0.10059
601.7000	0.1009
601.6000	0.101245
601.5000	0.101561
601.4000	0.101868
601.3000	0.102097
601.2000	0.102237
601.1000	0.102355
601.0000	0.102478
600.9000	0.102534
600.8000	0.102575
600.7000	0.102608
600.6000	0.102629
600.5000	0.102625
600.4000	0.102641
600.3000	0.102648
600.2000	0.102657
600.1000	0.102754
600.0000	0.102901
599.9000	0.103132
599.8000	0.103453
599.7000	0.103788
599.6000	0.104083
599.5000	0.104372
599.4000	0.104604
599.3000	0.10476
599.2000	0.104862
599.1000	0.104956
599.0000	0.104947
598.9000	0.104962
598.8000	0.104969
598.7000	0.105058
598.6000	0.105143
598.5000	0.10529
598.4000	0.105466
598.3000	0.105669
598.2000	0.10589
598.1000	0.106112
598.0000	0.10631
597.9000	0.106443
597.8000	0.106562
597.7000	0.106639
597.6000	0.106753
597.5000	0.106895
597.4000	0.107031
597.3000	0.107138
597.2000	0.107258
597.1000	0.107355
597.0000	0.10739
596.9000	0.107428
596.8000	0.10753
596.7000	0.107623
596.6000	0.107692
596.5000	0.107898
596.4000	0.108176
596.3000	0.10843
596.2000	0.10876
596.1000	0.109115
596.0000	0.109354
595.9000	0.109522
595.8000	0.109693
595.7000	0.109742
595.6000	0.10979
595.5000	0.109856
595.4000	0.109919
595.3000	0.109928
595.2000	0.109996
595.1000	0.11004
595.0000	0.110109
594.9000	0.110217
594.8000	0.110281
594.7000	0.110379
594.6000	0.110544
594.5000	0.110812
594.4000	0.110989
594.3000	0.111285
594.2000	0.111561
594.1000	0.111826
594.0000	0.112008
593.9000	0.112217
593.8000	0.112359
593.7000	0.112451
593.6000	0.112523
593.5000	0.112571
593.4000	0.112639
593.3000	0.112655
593.2000	0.112741
593.1000	0.112884
593.0000	0.113053
592.9000	0.113247
592.8000	0.113523
592.7000	0.113734
592.6000	0.113946
592.5000	0.114224
592.4000	0.114566
592.3000	0.114856
592.2000	0.115175
592.1000	0.115406
592.0000	0.115594
591.9000	0.115735
591.8000	0.115866
591.7000	0.115996
591.6000	0.1161
591.5000	0.116208
591.4000	0.116306
591.3000	0.11649
591.2000	0.116708
591.1000	0.117002
591.0000	0.117273
590.9000	0.11753
590.8000	0.117764
590.7000	0.117882
590.6000	0.117994
590.5000	0.118105
590.4000	0.118168
590.3000	0.118215
590.2000	0.118358
590.1000	0.11846
590.0000	0.118567
589.9000	0.118818
589.8000	0.119037
589.7000	0.119201
589.6000	0.119418
589.5000	0.119625
589.4000	0.119756
589.3000	0.119969
589.2000	0.120234
589.1000	0.120433
589.0000	0.120672
588.9000	0.120939
588.8000	0.121158
588.7000	0.121367
588.6000	0.121633
588.5000	0.121839
588.4000	0.122007
588.3000	0.122175
588.2000	0.122337
588.1000	0.122453
588.0000	0.122638
587.9000	0.122903
587.8000	0.123145
587.7000	0.123445
587.6000	0.123798
587.5000	0.124133
587.4000	0.124385
587.3000	0.124731
587.2000	0.125022
587.1000	0.125263
587.0000	0.125488
586.9000	0.125703
586.8000	0.125791
586.7000	0.125882
586.6000	0.126043
586.5000	0.126187
586.4000	0.126379
586.3000	0.126575
586.2000	0.126741
586.1000	0.126797
586.0000	0.126899
585.9000	0.12702
585.8000	0.127163
585.7000	0.127327
585.6000	0.127519
585.5000	0.127708
585.4000	0.127906
585.3000	0.1282
585.2000	0.128516
585.1000	0.128791
585.0000	0.129038
584.9000	0.129284
584.8000	0.129511
584.7000	0.129744
584.6000	0.13004
584.5000	0.130354
584.4000	0.130639
584.3000	0.130955
584.2000	0.131257
584.1000	0.131507
584.0000	0.131735
583.9000	0.132004
583.8000	0.132246
583.7000	0.132527
583.6000	0.132881
583.5000	0.133225
583.4000	0.133528
583.3000	0.133848
583.2000	0.134079
583.1000	0.134235
583.0000	0.134397
582.9000	0.13452
582.8000	0.134595
582.7000	0.134718
582.6000	0.134926
582.5000	0.135109
582.4000	0.13538
582.3000	0.13569
582.2000	0.13602
582.1000	0.136267
582.0000	0.136562
581.9000	0.136852
581.8000	0.137044
581.7000	0.137197
581.6000	0.137382
581.5000	0.137564
581.4000	0.137731
581.3000	0.138033
581.2000	0.138334
581.1000	0.138618
581.0000	0.138924
580.9000	0.139213
580.8000	0.139477
580.7000	0.139788
580.6000	0.14006
580.5000	0.140307
580.4000	0.140559
580.3000	0.140754
580.2000	0.140968
580.1000	0.141305
580.0000	0.141648
579.9000	0.141937
579.8000	0.142267
579.7000	0.142539
579.6000	0.142729
579.5000	0.14291
579.4000	0.143162
579.3000	0.143376
579.2000	0.143614
579.1000	0.143957
579.0000	0.144299
578.9000	0.144604
578.8000	0.144985
578.7000	0.145398
578.6000	0.145713
578.5000	0.146068
578.4000	0.146454
578.3000	0.146753
578.2000	0.147038
578.1000	0.147379
578.0000	0.147671
577.9000	0.147985
577.8000	0.148329
577.7000	0.148672
577.6000	0.148964
577.5000	0.149251
577.4000	0.149476
577.3000	0.149732
577.2000	0.150024
577.1000	0.150303
577.0000	0.150573
576.9000	0.150824
576.8000	0.151057
576.7000	0.151221
576.6000	0.151502
576.5000	0.151796
576.4000	0.152065
576.3000	0.152348
576.2000	0.152732
576.1000	0.153069
576.0000	0.153454
575.9000	0.153945
575.8000	0.154424
575.7000	0.15482
575.6000	0.155268
575.5000	0.155707
575.4000	0.15608
575.3000	0.156429
575.2000	0.156786
575.1000	0.157107
575.0000	0.157449
574.9000	0.157844
574.8000	0.158169
574.7000	0.158507
574.6000	0.158799
574.5000	0.159064
574.4000	0.159305
574.3000	0.159641
574.2000	0.159973
574.1000	0.160351
574.0000	0.160764
573.9000	0.161188
573.8000	0.161604
573.7000	0.162021
573.6000	0.162408
573.5000	0.162703
573.4000	0.162977
573.3000	0.163253
573.2000	0.163558
573.1000	0.163868
573.0000	0.164255
572.9000	0.164632
572.8000	0.164993
572.7000	0.165354
572.6000	0.165759
572.5000	0.166138
572.4000	0.16653
572.3000	0.166964
572.2000	0.167316
572.1000	0.167643
572.0000	0.16802
571.9000	0.168397
571.8000	0.168667
571.7000	0.168992
571.6000	0.169268
571.5000	0.1695
571.4000	0.169808
571.3000	0.170241
571.2000	0.170637
571.1000	0.17111
571.0000	0.171718
570.9000	0.172238
570.8000	0.172726
570.7000	0.173209
570.6000	0.173638
570.5000	0.173866
570.4000	0.174128
570.3000	0.174341
570.2000	0.174542
570.1000	0.174827
570.0000	0.175198
569.9000	0.175626
569.8000	0.176109
569.7000	0.176711
569.6000	0.17724
569.5000	0.177733
569.4000	0.178169
569.3000	0.178616
569.2000	0.179033
569.1000	0.17944
569.0000	0.179864
568.9000	0.180291
568.8000	0.180775
568.7000	0.181269
568.6000	0.181768
568.5000	0.182226
568.4000	0.182649
568.3000	0.182979
568.2000	0.1833
568.1000	0.183606
568.0000	0.183936
567.9000	0.18429
567.8000	0.184733
567.7000	0.185148
567.6000	0.185648
567.5000	0.186183
567.4000	0.186732
567.3000	0.187198
567.2000	0.187673
567.1000	0.188118
567.0000	0.18848
566.9000	0.188878
566.8000	0.189224
566.7000	0.189547
566.6000	0.189843
566.5000	0.190274
566.4000	0.190631
566.3000	0.191071
566.2000	0.191566
566.1000	0.192028
566.0000	0.19246
565.9000	0.192931
565.8000	0.193384
565.7000	0.193844
565.6000	0.194385
565.5000	0.194877
565.4000	0.195388
565.3000	0.195882
565.2000	0.196352
565.1000	0.196814
565.0000	0.197331
564.9000	0.197812
564.8000	0.198316
564.7000	0.198876
564.6000	0.199371
564.5000	0.199916
564.4000	0.200461
564.3000	0.201043
564.2000	0.201562
564.1000	0.202139
564.0000	0.202661
563.9000	0.203162
563.8000	0.203691
563.7000	0.204206
563.6000	0.204785
563.5000	0.205315
563.4000	0.205884
563.3000	0.206378
563.2000	0.206887
563.1000	0.207388
563.0000	0.207917
562.9000	0.208516
562.8000	0.209074
562.7000	0.20965
562.6000	0.210165
562.5000	0.210678
562.4000	0.21113
562.3000	0.211645
562.2000	0.212147
562.1000	0.212614
562.0000	0.213125
561.9000	0.213664
561.8000	0.214253
561.7000	0.214869
561.6000	0.215499
561.5000	0.216075
561.4000	0.216609
561.3000	0.21705
561.2000	0.217482
561.1000	0.217936
561.0000	0.218345
560.9000	0.218728
560.8000	0.219192
560.7000	0.219642
560.6000	0.220123
560.5000	0.220715
560.4000	0.221351
560.3000	0.222004
560.2000	0.222703
560.1000	0.223409
560.0000	0.224104
559.9000	0.224802
559.8000	0.225486
559.7000	0.22613
559.6000	0.226775
559.5000	0.227416
559.4000	0.228061
559.3000	0.228713
559.2000	0.229374
559.1000	0.230033
559.0000	0.230666
558.9000	0.231318
558.8000	0.231912
558.7000	0.232483
558.6000	0.232984
558.5000	0.233516
558.4000	0.234037
558.3000	0.234539
558.2000	0.235039
558.1000	0.235603
558.0000	0.236195
557.9000	0.236783
557.8000	0.237422
557.7000	0.238018
557.6000	0.238607
557.5000	0.239204
557.4000	0.239829
557.3000	0.24046
557.2000	0.241171
557.1000	0.241858
557.0000	0.242571
556.9000	0.243302
556.8000	0.244031
556.7000	0.244789
556.6000	0.245534
556.5000	0.246145
556.4000	0.246695
556.3000	0.247243
556.2000	0.247728
556.1000	0.248269
556.0000	0.248816
555.9000	0.249348
555.8000	0.249925
555.7000	0.250559
555.6000	0.2512
555.5000	0.251889
555.4000	0.252596
555.3000	0.253216
555.2000	0.25383
555.1000	0.254392
555.0000	0.254971
554.9000	0.255633
554.8000	0.256273
554.7000	0.256941
554.6000	0.257674
554.5000	0.258394
554.4000	0.259056
554.3000	0.259789
554.2000	0.260479
554.1000	0.261133
554.0000	0.26183
553.9000	0.262527
553.8000	0.263203
553.7000	0.263922
553.6000	0.264683
553.5000	0.265468
553.4000	0.26622
553.3000	0.26698
553.2000	0.267733
553.1000	0.268426
553.0000	0.269097
552.9000	0.269787
552.8000	0.270482
552.7000	0.271153
552.6000	0.271876
552.5000	0.272578
552.4000	0.273243
552.3000	0.273926
552.2000	0.274586
552.1000	0.275262
552.0000	0.275909
551.9000	0.2766
551.8000	0.277312
551.7000	0.278028
551.6000	0.278788
551.5000	0.279603
551.4000	0.280464
551.3000	0.281296
551.2000	0.282119
551.1000	0.282826
551.0000	0.283517
550.9000	0.284141
550.8000	0.284694
550.7000	0.285296
550.6000	0.285975
550.5000	0.286615
550.4000	0.28734
550.3000	0.288162
550.2000	0.288908
550.1000	0.289674
550.0000	0.290536
549.9000	0.291322
549.8000	0.292073
549.7000	0.292911
549.6000	0.293713
549.5000	0.294458
549.4000	0.295262
549.3000	0.29608
549.2000	0.29684
549.1000	0.297583
549.0000	0.29824
548.9000	0.298864
548.8000	0.29945
548.7000	0.300088
548.6000	0.300787
548.5000	0.301558
548.4000	0.302322
548.3000	0.30315
548.2000	0.303977
548.1000	0.304768
548.0000	0.305612
547.9000	0.306389
547.8000	0.30709
547.7000	0.307774
547.6000	0.308451
547.5000	0.30906
547.4000	0.309801
547.3000	0.310599
547.2000	0.311335
547.1000	0.312098
547.0000	0.31288
546.9000	0.313639
546.8000	0.314414
546.7000	0.315314
546.6000	0.31614
546.5000	0.31697
546.4000	0.317805
546.3000	0.318667
546.2000	0.319489
546.1000	0.320309
546.0000	0.321127
545.9000	0.321842
545.8000	0.322494
545.7000	0.323108
545.6000	0.323733
545.5000	0.324299
545.4000	0.324938
545.3000	0.325615
545.2000	0.32625
545.1000	0.3269
545.0000	0.327649
544.9000	0.328372
544.8000	0.329134
544.7000	0.329963
544.6000	0.33074
544.5000	0.331489
544.4000	0.332287
544.3000	0.333019
544.2000	0.333667
544.1000	0.334408
544.0000	0.335146
543.9000	0.335838
543.8000	0.336499
543.7000	0.33714
543.6000	0.337773
543.5000	0.338426
543.4000	0.339164
543.3000	0.339877
543.2000	0.34065
543.1000	0.341398
543.0000	0.342138
542.9000	0.342844
542.8000	0.343563
542.7000	0.344264
542.6000	0.344884
542.5000	0.34549
542.4000	0.346024
542.3000	0.346597
542.2000	0.347237
542.1000	0.347945
542.0000	0.348684
541.9000	0.349463
541.8000	0.350264
541.7000	0.350967
541.6000	0.351664
541.5000	0.352335
541.4000	0.352977
541.3000	0.353598
541.2000	0.354223
541.1000	0.35488
541.0000	0.355547
540.9000	0.356303
540.8000	0.357064
540.7000	0.35788
540.6000	0.35866
540.5000	0.359447
540.4000	0.360172
540.3000	0.360907
540.2000	0.361577
540.1000	0.362278
540.0000	0.362972
539.9000	0.363651
539.8000	0.364337
539.7000	0.365089
539.6000	0.365837
539.5000	0.366512
539.4000	0.367245
539.3000	0.367909
539.2000	0.368553
539.1000	0.36919
539.0000	0.369843
538.9000	0.370414
538.8000	0.37104
538.7000	0.371706
538.6000	0.372367
538.5000	0.373027
538.4000	0.373721
538.3000	0.374378
538.2000	0.375012
538.1000	0.375574
538.0000	0.37606
537.9000	0.376467
537.8000	0.376853
537.7000	0.377266
537.6000	0.377675
537.5000	0.378175
537.4000	0.378737
537.3000	0.379353
537.2000	0.379978
537.1000	0.380685
537.0000	0.381361
536.9000	0.381951
536.8000	0.382549
536.7000	0.383062
536.6000	0.383524
536.5000	0.384019
536.4000	0.384583
536.3000	0.385114
536.2000	0.385727
536.1000	0.386407
536.0000	0.387027
535.9000	0.387662
535.8000	0.388279
535.7000	0.388828
535.6000	0.389259
535.5000	0.389665
535.4000	0.390045
535.3000	0.390417
535.2000	0.390867
535.1000	0.391351
535.0000	0.391904
534.9000	0.392433
534.8000	0.393057
534.7000	0.393564
534.6000	0.393957
534.5000	0.394331
534.4000	0.394705
534.3000	0.394967
534.2000	0.395216
534.1000	0.395633
534.0000	0.396041
533.9000	0.39651
533.8000	0.397069
533.7000	0.397713
533.6000	0.398302
533.5000	0.398865
533.4000	0.399376
533.3000	0.399816
533.2000	0.400173
533.1000	0.400571
533.0000	0.400979
532.9000	0.40132
532.8000	0.401601
532.7000	0.401925
532.6000	0.40222
532.5000	0.402521
532.4000	0.402868
532.3000	0.40321
532.2000	0.403466
532.1000	0.40371
532.0000	0.403944
531.9000	0.404242
531.8000	0.404624
531.7000	0.405026
531.6000	0.405444
531.5000	0.40583
531.4000	0.406257
531.3000	0.406635
531.2000	0.407001
531.1000	0.407294
531.0000	0.407585
530.9000	0.407709
530.8000	0.407791
530.7000	0.407963
530.6000	0.408063
530.5000	0.408183
530.4000	0.408376
530.3000	0.408589
530.2000	0.408736
530.1000	0.409098
530.0000	0.409414
529.9000	0.409614
529.8000	0.409872
529.7000	0.410092
529.6000	0.410204
529.5000	0.410335
529.4000	0.410504
529.3000	0.410485
529.2000	0.410486
529.1000	0.410597
529.0000	0.41069
528.9000	0.410841
528.8000	0.411156
528.7000	0.411492
528.6000	0.411729
528.5000	0.412058
528.4000	0.412381
528.3000	0.412607
528.2000	0.412834
528.1000	0.412996
528.0000	0.413074
527.9000	0.413071
527.8000	0.413076
527.7000	0.413083
527.6000	0.413115
527.5000	0.413099
527.4000	0.413107
527.3000	0.413137
527.2000	0.413058
527.1000	0.413048
527.0000	0.413134
526.9000	0.413162
526.8000	0.41318
526.7000	0.413278
526.6000	0.413328
526.5000	0.41339
526.4000	0.413521
526.3000	0.413649
526.2000	0.41372
526.1000	0.413771
526.0000	0.413756
525.9000	0.413713
525.8000	0.413643
525.7000	0.413547
525.6000	0.413374
525.5000	0.413156
525.4000	0.41292
525.3000	0.412687
525.2000	0.412495
525.1000	0.412342
525.0000	0.41227
524.9000	0.412305
524.8000	0.412388
524.7000	0.412488
524.6000	0.412649
524.5000	0.412681
524.4000	0.412609
524.3000	0.412488
524.2000	0.412291
524.1000	0.411938
524.0000	0.411656
523.9000	0.411337
523.8000	0.411005
523.7000	0.410708
523.6000	0.410555
523.5000	0.410361
523.4000	0.410236
523.3000	0.41017
523.2000	0.410108
523.1000	0.409952
523.0000	0.409781
522.9000	0.409641
522.8000	0.409407
522.7000	0.409262
522.6000	0.409107
522.5000	0.408912
522.4000	0.408635
522.3000	0.408397
522.2000	0.40808
522.1000	0.407795
522.0000	0.407576
521.9000	0.407366
521.8000	0.40714
521.7000	0.406928
521.6000	0.406737
521.5000	0.406563
521.4000	0.406372
521.3000	0.40615
521.2000	0.405876
521.1000	0.405548
521.0000	0.405175
520.9000	0.404776
520.8000	0.404343
520.7000	0.403901
520.6000	0.403463
520.5000	0.403038
520.4000	0.402583
520.3000	0.402156
520.2000	0.401764
520.1000	0.401394
520.0000	0.401083
519.9000	0.400844
519.8000	0.400676
519.7000	0.400501
519.6000	0.400395
519.5000	0.400209
519.4000	0.399998
519.3000	0.399763
519.2000	0.399444
519.1000	0.399042
519.0000	0.398581
518.9000	0.398137
518.8000	0.397625
518.7000	0.397145
518.6000	0.396592
518.5000	0.396087
518.4000	0.395531
518.3000	0.39497
518.2000	0.394434
518.1000	0.393941
518.0000	0.393441
517.9000	0.393012
517.8000	0.392676
517.7000	0.392311
517.6000	0.392046
517.5000	0.391814
517.4000	0.391558
517.3000	0.391199
517.2000	0.390875
517.1000	0.390442
517.0000	0.389963
516.9000	0.389518
516.8000	0.389051
516.7000	0.388507
516.6000	0.387897
516.5000	0.387333
516.4000	0.386691
516.3000	0.386034
516.2000	0.385405
516.1000	0.384779
516.0000	0.384147
515.9000	0.383564
515.8000	0.383104
515.7000	0.382678
515.6000	0.382408
515.5000	0.382176
515.4000	0.381885
515.3000	0.381543
515.2000	0.381194
515.1000	0.380746
515.0000	0.380219
514.9000	0.379722
514.8000	0.379096
514.7000	0.378432
514.6000	0.377794
514.5000	0.377125
514.4000	0.376484
514.3000	0.375962
514.2000	0.375457
514.1000	0.374928
514.0000	0.374412
513.9000	0.373896
513.8000	0.37339
513.7000	0.372872
513.6000	0.372365
513.5000	0.371896
513.4000	0.371444
513.3000	0.370911
513.2000	0.370435
513.1000	0.36985
513.0000	0.369231
512.9000	0.368612
512.8000	0.368043
512.7000	0.367412
512.6000	0.366887
512.5000	0.366373
512.4000	0.365774
512.3000	0.365225
512.2000	0.364738
512.1000	0.364264
512.0000	0.363688
511.9000	0.363112
511.8000	0.362454
511.7000	0.361819
511.6000	0.361194
511.5000	0.360648
511.4000	0.360081
511.3000	0.359469
511.2000	0.358818
511.1000	0.358183
511.0000	0.357547
510.9000	0.356947
510.8000	0.356412
510.7000	0.355934
510.6000	0.355429
510.5000	0.354978
510.4000	0.354572
510.3000	0.354098
510.2000	0.353683
510.1000	0.353164
510.0000	0.352563
509.9000	0.351959
509.8000	0.351456
509.7000	0.350876
509.6000	0.350381
509.5000	0.349959
509.4000	0.349471
509.3000	0.348971
509.2000	0.348461
509.1000	0.347938
509.0000	0.347362
508.9000	0.346753
508.8000	0.34614
508.7000	0.345495
508.6000	0.344877
508.5000	0.344329
508.4000	0.343797
508.3000	0.343215
508.2000	0.342601
508.1000	0.341961
508.0000	0.341298
507.9000	0.340677
507.8000	0.340092
507.7000	0.339469
507.6000	0.338853
507.5000	0.338209
507.4000	0.337582
507.3000	0.336943
507.2000	0.336347
507.1000	0.335741
507.0000	0.335179
506.9000	0.334631
506.8000	0.334071
506.7000	0.333533
506.6000	0.33301
506.5000	0.332509
506.4000	0.332017
506.3000	0.33154
506.2000	0.331021
506.1000	0.330494
506.0000	0.329911
505.9000	0.329293
505.8000	0.328648
505.7000	0.328011
505.6000	0.327317
505.5000	0.326594
505.4000	0.325837
505.3000	0.325143
505.2000	0.324466
505.1000	0.32384
505.0000	0.323296
504.9000	0.322714
504.8000	0.322096
504.7000	0.321518
504.6000	0.320998
504.5000	0.320485
504.4000	0.320089
504.3000	0.319707
504.2000	0.319228
504.1000	0.318698
504.0000	0.318132
503.9000	0.317532
503.8000	0.316927
503.7000	0.31627
503.6000	0.315577
503.5000	0.314927
503.4000	0.314303
503.3000	0.313779
503.2000	0.313417
503.1000	0.313147
503.0000	0.312774
502.9000	0.312464
502.8000	0.312132
502.7000	0.311671
502.6000	0.31115
502.5000	0.31068
502.4000	0.310088
502.3000	0.309354
502.2000	0.308759
502.1000	0.308134
502.0000	0.307481
501.9000	0.306914
501.8000	0.306466
501.7000	0.305993
501.6000	0.305556
501.5000	0.305176
501.4000	0.304771
501.3000	0.304355
501.2000	0.303925
501.1000	0.303523
501.0000	0.303059
500.9000	0.302578
500.8000	0.302074
500.7000	0.301575
500.6000	0.300997
500.5000	0.300403
500.4000	0.29978
500.3000	0.299135
500.2000	0.298477
500.1000	0.297839
500.0000	0.2973
499.9000	0.29676
499.8000	0.296324
499.7000	0.295902
499.6000	0.295578
499.5000	0.295261
499.4000	0.295028
499.3000	0.294736
499.2000	0.294442
499.1000	0.294115
499.0000	0.293648
498.9000	0.293156
498.8000	0.292604
498.7000	0.291988
498.6000	0.291355
498.5000	0.29085
498.4000	0.290289
498.3000	0.289759
498.2000	0.289345
498.1000	0.288937
498.0000	0.288539
497.9000	0.288175
497.8000	0.287841
497.7000	0.287405
497.6000	0.287009
497.5000	0.286639
497.4000	0.286245
497.3000	0.285847
497.2000	0.285522
497.1000	0.285202
497.0000	0.284795
496.9000	0.284478
496.8000	0.284091
496.7000	0.283608
496.6000	0.283119
496.5000	0.282701
496.4000	0.282203
496.3000	0.281805
496.2000	0.281532
496.1000	0.281259
496.0000	0.281002
495.9000	0.280814
495.8000	0.280561
495.7000	0.280198
495.6000	0.279776
495.5000	0.279271
495.4000	0.278683
495.3000	0.278062
495.2000	0.277482
495.1000	0.276975
495.0000	0.276569
494.9000	0.276234
494.8000	0.275963
494.7000	0.275717
494.6000	0.275451
494.5000	0.275122
494.4000	0.274802
494.3000	0.274539
494.2000	0.274264
494.1000	0.274056
494.0000	0.273888
493.9000	0.273715
493.8000	0.27351
493.7000	0.273342
493.6000	0.273068
493.5000	0.272674
493.4000	0.272234
493.3000	0.271722
493.2000	0.27116
493.1000	0.270645
493.0000	0.270231
492.9000	0.269852
492.8000	0.269548
492.7000	0.269273
492.6000	0.268993
492.5000	0.268674
492.4000	0.268372
492.3000	0.268031
492.2000	0.267688
492.1000	0.267326
492.0000	0.267035
491.9000	0.266725
491.8000	0.266499
491.7000	0.266263
491.6000	0.265983
491.5000	0.26569
491.4000	0.265385
491.3000	0.264989
491.2000	0.264597
491.1000	0.26427
491.0000	0.263837
490.9000	0.263485
490.8000	0.26328
490.7000	0.263084
490.6000	0.262888
490.5000	0.262812
490.4000	0.262661
490.3000	0.262405
490.2000	0.262197
490.1000	0.261935
490.0000	0.261547
489.9000	0.261126
489.8000	0.260685
489.7000	0.260171
489.6000	0.259659
489.5000	0.259238
489.4000	0.258812
489.3000	0.258484
489.2000	0.25823
489.1000	0.258098
489.0000	0.257984
488.9000	0.257964
488.8000	0.257914
488.7000	0.257817
488.6000	0.257706
488.5000	0.257496
488.4000	0.257197
488.3000	0.256761
488.2000	0.256279
488.1000	0.255714
488.0000	0.255217
487.9000	0.254787
487.8000	0.254455
487.7000	0.254184
487.6000	0.253987
487.5000	0.253839
487.4000	0.253753
487.3000	0.253701
487.2000	0.25368
487.1000	0.253683
487.0000	0.253661
486.9000	0.253547
486.8000	0.253413
486.7000	0.253306
486.6000	0.253136
486.5000	0.252942
486.4000	0.252731
486.3000	0.25243
486.2000	0.252023
486.1000	0.251655
486.0000	0.251255
485.9000	0.250788
485.8000	0.250366
485.7000	0.249979
485.6000	0.249562
485.5000	0.249208
485.4000	0.249037
485.3000	0.248943
485.2000	0.248931
485.1000	0.248993
485.0000	0.249007
484.9000	0.248926
484.8000	0.248815
484.7000	0.248616
484.6000	0.248285
484.5000	0.248007
484.4000	0.24768
484.3000	0.247343
484.2000	0.247076
484.1000	0.246852
484.0000	0.246605
483.9000	0.246436
483.8000	0.246322
483.7000	0.246124
483.6000	0.246004
483.5000	0.245863
483.4000	0.245693
483.3000	0.245588
483.2000	0.245559
483.1000	0.245525
483.0000	0.245516
482.9000	0.245552
482.8000	0.245498
482.7000	0.245414
482.6000	0.245322
482.5000	0.245184
482.4000	0.245034
482.3000	0.244832
482.2000	0.244589
482.1000	0.244289
482.0000	0.244023
481.9000	0.243812
481.8000	0.243645
481.7000	0.243521
481.6000	0.243413
481.5000	0.243313
481.4000	0.243138
481.3000	0.242994
481.2000	0.242857
481.1000	0.242688
481.0000	0.242521
480.9000	0.242378
480.8000	0.242169
480.7000	0.241974
480.6000	0.241831
480.5000	0.241645
480.4000	0.241423
480.3000	0.241225
480.2000	0.240962
480.1000	0.24073
480.0000	0.240554
479.9000	0.240423
479.8000	0.240354
479.7000	0.240374
479.6000	0.240342
479.5000	0.240343
479.4000	0.240304
479.3000	0.240146
479.2000	0.239943
479.1000	0.23965
479.0000	0.239285
478.9000	0.238881
478.8000	0.238596
478.7000	0.238337
478.6000	0.238207
478.5000	0.238116
478.4000	0.238111
478.3000	0.238161
478.2000	0.23819
478.1000	0.238232
478.0000	0.23823
477.9000	0.238207
477.8000	0.2381
477.7000	0.237956
477.6000	0.23773
477.5000	0.237545
477.4000	0.237337
477.3000	0.237118
477.2000	0.236944
477.1000	0.236763
477.0000	0.236562
476.9000	0.236394
476.8000	0.236224
476.7000	0.23606
476.6000	0.235956
476.5000	0.235882
476.4000	0.235837
476.3000	0.235798
476.2000	0.235767
476.1000	0.235715
476.0000	0.235693
475.9000	0.235639
475.8000	0.235603
475.7000	0.235544
475.6000	0.235443
475.5000	0.235283
475.4000	0.235093
475.3000	0.234888
475.2000	0.234683
475.1000	0.234456
475.0000	0.234164
474.9000	0.233904
474.8000	0.233628
474.7000	0.233444
474.6000	0.23338
474.5000	0.233487
474.4000	0.233575
474.3000	0.233713
474.2000	0.233888
474.1000	0.233992
474.0000	0.234051
473.9000	0.234032
473.8000	0.233953
473.7000	0.233696
473.6000	0.23345
473.5000	0.233137
473.4000	0.23284
473.3000	0.232625
473.2000	0.232486
473.1000	0.232419
473.0000	0.232359
472.9000	0.232385
472.8000	0.232356
472.7000	0.232377
472.6000	0.232359
472.5000	0.232263
472.4000	0.232131
472.3000	0.231961
472.2000	0.231771
472.1000	0.231534
472.0000	0.231491
471.9000	0.231433
471.8000	0.231438
471.7000	0.231462
471.6000	0.23154
471.5000	0.231523
471.4000	0.231481
471.3000	0.231439
471.2000	0.231273
471.1000	0.231119
471.0000	0.23097
470.9000	0.230854
470.8000	0.230684
470.7000	0.230627
470.6000	0.23058
470.5000	0.230585
470.4000	0.230631
470.3000	0.230701
470.2000	0.23072
470.1000	0.230709
470.0000	0.230673
469.9000	0.230626
469.8000	0.230588
469.7000	0.230543
469.6000	0.230466
469.5000	0.230342
469.4000	0.230222
469.3000	0.230122
469.2000	0.230049
469.1000	0.22995
469.0000	0.229928
468.9000	0.229855
468.8000	0.229782
468.7000	0.229664
468.6000	0.229643
468.5000	0.229548
468.4000	0.229467
468.3000	0.229364
468.2000	0.229253
468.1000	0.229122
468.0000	0.229013
467.9000	0.22899
467.8000	0.228895
467.7000	0.228864
467.6000	0.228849
467.5000	0.228895
467.4000	0.228904
467.3000	0.229024
467.2000	0.229145
467.1000	0.229248
467.0000	0.229319
466.9000	0.229378
466.8000	0.229436
466.7000	0.229404
466.6000	0.229347
466.5000	0.229259
466.4000	0.229157
466.3000	0.229002
466.2000	0.228872
466.1000	0.228751
466.0000	0.228554
465.9000	0.228452
465.8000	0.228376
465.7000	0.228277
465.6000	0.22816
465.5000	0.228104
465.4000	0.228029
465.3000	0.228009
465.2000	0.228126
465.1000	0.228246
465.0000	0.22839
464.9000	0.228497
464.8000	0.228555
464.7000	0.22856
464.6000	0.228516
464.5000	0.228401
464.4000	0.22822
464.3000	0.228
464.2000	0.227752
464.1000	0.227587
464.0000	0.227503
463.9000	0.227447
463.8000	0.227502
463.7000	0.227544
463.6000	0.227544
463.5000	0.227551
463.4000	0.227561
463.3000	0.227412
463.2000	0.227298
463.1000	0.227227
463.0000	0.227113
462.9000	0.227057
462.8000	0.2271
462.7000	0.227109
462.6000	0.227118
462.5000	0.227261
462.4000	0.227352
462.3000	0.227428
462.2000	0.227572
462.1000	0.227694
462.0000	0.2277
461.9000	0.227721
461.8000	0.227745
461.7000	0.227692
461.6000	0.227616
461.5000	0.227558
461.4000	0.227435
461.3000	0.227291
461.2000	0.22718
461.1000	0.227114
461.0000	0.227065
460.9000	0.227074
460.8000	0.227074
460.7000	0.227071
460.6000	0.22706
460.5000	0.227013
460.4000	0.226996
460.3000	0.226973
460.2000	0.22696
460.1000	0.226942
460.0000	0.22698
459.9000	0.22696
459.8000	0.226986
459.7000	0.226998
459.6000	0.227026
459.5000	0.22702
459.4000	0.226998
459.3000	0.226925
459.2000	0.226871
459.1000	0.226842
459.0000	0.226753
458.9000	0.226739
458.8000	0.226743
458.7000	0.226753
458.6000	0.226695
458.5000	0.226766
458.4000	0.22678
458.3000	0.226807
458.2000	0.226895
458.1000	0.227001
458.0000	0.227034
457.9000	0.227138
457.8000	0.227329
457.7000	0.227335
457.6000	0.227302
457.5000	0.227249
457.4000	0.227153
457.3000	0.226891
457.2000	0.226681
457.1000	0.226435
457.0000	0.226139
456.9000	0.225844
456.8000	0.225663
456.7000	0.225614
456.6000	0.225558
456.5000	0.225686
456.4000	0.225867
456.3000	0.226073
456.2000	0.226209
456.1000	0.226487
456.0000	0.226678
455.9000	0.226706
455.8000	0.226723
455.7000	0.226648
455.6000	0.226471
455.5000	0.226243
455.4000	0.226175
455.3000	0.226048
455.2000	0.225983
455.1000	0.225962
455.0000	0.225972
454.9000	0.225915
454.8000	0.225858
454.7000	0.22584
454.6000	0.225799
454.5000	0.225786
454.4000	0.225812
454.3000	0.225855
454.2000	0.225918
454.1000	0.226091
454.0000	0.226218
453.9000	0.226389
453.8000	0.226542
453.7000	0.226649
453.6000	0.226623
453.5000	0.226648
453.4000	0.226628
453.3000	0.226588
453.2000	0.226653
453.1000	0.226651
453.0000	0.22659
452.9000	0.226533
452.8000	0.22658
452.7000	0.226549
452.6000	0.226581
452.5000	0.226673
452.4000	0.226679
452.3000	0.226644
452.2000	0.226637
452.1000	0.226654
452.0000	0.226602
451.9000	0.226564
451.8000	0.226478
451.7000	0.226333
451.6000	0.226296
451.5000	0.226259
451.4000	0.226279
451.3000	0.226295
451.2000	0.226327
451.1000	0.226324
451.0000	0.226384
450.9000	0.226416
450.8000	0.226481
450.7000	0.226599
450.6000	0.226637
450.5000	0.226687
450.4000	0.226749
450.3000	0.22676
450.2000	0.226712
450.1000	0.226595
450.0000	0.226402
449.9000	0.226267
449.8000	0.226254
449.7000	0.226191
449.6000	0.226238
449.5000	0.226381
449.4000	0.226491
449.3000	0.226601
449.2000	0.226793
449.1000	0.226988
449.0000	0.227115
448.9000	0.227277
448.8000	0.227305
448.7000	0.22729
448.6000	0.227216
448.5000	0.227093
448.4000	0.226857
448.3000	0.22661
448.2000	0.226364
448.1000	0.226137
448.0000	0.225968
447.9000	0.225864
447.8000	0.225835
447.7000	0.225862
447.6000	0.226005
447.5000	0.226185
447.4000	0.226334
447.3000	0.226448
447.2000	0.226582
447.1000	0.226706
447.0000	0.226751
446.9000	0.226823
446.8000	0.226931
446.7000	0.226965
446.6000	0.22692
446.5000	0.226871
446.4000	0.226804
446.3000	0.226687
446.2000	0.226697
446.1000	0.226768
446.0000	0.226882
445.9000	0.227068
445.8000	0.227293
445.7000	0.227481
445.6000	0.227605
445.5000	0.227726
445.4000	0.227754
445.3000	0.22771
445.2000	0.227572
445.1000	0.227373
445.0000	0.227173
444.9000	0.226978
444.8000	0.22683
444.7000	0.226707
444.6000	0.226646
444.5000	0.22665
444.4000	0.226664
444.3000	0.226733
444.2000	0.22691
444.1000	0.227087
444.0000	0.227193
443.9000	0.227311
443.8000	0.227347
443.7000	0.227278
443.6000	0.227204
443.5000	0.227158
443.4000	0.227117
443.3000	0.227127
443.2000	0.227135
443.1000	0.227204
443.0000	0.227276
442.9000	0.227375
442.8000	0.227534
442.7000	0.227698
442.6000	0.227759
442.5000	0.227817
442.4000	0.227853
442.3000	0.22782
442.2000	0.227774
442.1000	0.227746
442.0000	0.227659
441.9000	0.22758
441.8000	0.227452
441.7000	0.227337
441.6000	0.227295
441.5000	0.227251
441.4000	0.2273
441.3000	0.227415
441.2000	0.227542
441.1000	0.227649
441.0000	0.227867
440.9000	0.228004
440.8000	0.228128
440.7000	0.228284
440.6000	0.228417
440.5000	0.228444
440.4000	0.228464
440.3000	0.228498
440.2000	0.228499
440.1000	0.228516
440.0000	0.228525
439.9000	0.22848
439.8000	0.228379
439.7000	0.228302
439.6000	0.228184
439.5000	0.22811
439.4000	0.228027
439.3000	0.227995
439.2000	0.227928
439.1000	0.227904
439.0000	0.227891
438.9000	0.22794
438.8000	0.228
438.7000	0.227995
438.6000	0.228075
438.5000	0.228138
438.4000	0.228241
438.3000	0.228405
438.2000	0.228676
438.1000	0.228844
438.0000	0.229047
437.9000	0.229204
437.8000	0.229241
437.7000	0.229227
437.6000	0.229259
437.5000	0.229182
437.4000	0.229053
437.3000	0.228958
437.2000	0.228848
437.1000	0.22877
437.0000	0.228823
436.9000	0.228945
436.8000	0.229064
436.7000	0.229228
436.6000	0.229331
436.5000	0.229332
436.4000	0.229302
436.3000	0.229226
436.2000	0.22905
436.1000	0.228848
436.0000	0.228692
435.9000	0.228577
435.8000	0.22851
435.7000	0.228502
435.6000	0.228573
435.5000	0.228692
435.4000	0.22875
435.3000	0.228836
435.2000	0.228997
435.1000	0.229012
435.0000	0.228947
434.9000	0.229022
434.8000	0.229036
434.7000	0.229004
434.6000	0.229119
434.5000	0.229255
434.4000	0.229201
434.3000	0.229266
434.2000	0.229369
434.1000	0.229413
434.0000	0.229483
433.9000	0.229654
433.8000	0.229715
433.7000	0.229781
433.6000	0.229941
433.5000	0.230069
433.4000	0.230164
433.3000	0.230282
433.2000	0.230286
433.1000	0.230176
433.0000	0.230126
432.9000	0.230019
432.8000	0.229804
432.7000	0.229717
432.6000	0.229676
432.5000	0.229569
432.4000	0.229592
432.3000	0.229732
432.2000	0.229824
432.1000	0.22997
432.0000	0.230211
431.9000	0.230292
431.8000	0.23039
431.7000	0.230483
431.6000	0.230525
431.5000	0.230472
431.4000	0.230484
431.3000	0.230421
431.2000	0.230324
431.1000	0.230226
431.0000	0.230096
430.9000	0.229994
430.8000	0.229873
430.7000	0.229782
430.6000	0.229648
430.5000	0.229626
430.4000	0.229659
430.3000	0.229812
430.2000	0.229995
430.1000	0.230153
430.0000	0.230342
429.9000	0.230566
429.8000	0.230717
429.7000	0.230843
429.6000	0.230981
429.5000	0.231044
429.4000	0.230987
429.3000	0.23099
429.2000	0.230968
429.1000	0.230892
429.0000	0.230821
428.9000	0.230696
428.8000	0.230502
428.7000	0.23027
428.6000	0.230171
428.5000	0.230083
428.4000	0.230036
428.3000	0.230085
428.2000	0.230258
428.1000	0.230426
428.0000	0.230607
427.9000	0.230944
427.8000	0.231237
427.7000	0.231544
427.6000	0.231862
427.5000	0.232144
427.4000	0.23237
427.3000	0.232559
427.2000	0.232662
427.1000	0.232635
427.0000	0.232641
426.9000	0.23256
426.8000	0.232565
426.7000	0.232498
426.6000	0.232427
426.5000	0.232388
426.4000	0.232395
426.3000	0.232373
426.2000	0.232514
426.1000	0.232675
426.0000	0.232789
425.9000	0.232923
425.8000	0.233095
425.7000	0.233205
425.6000	0.233314
425.5000	0.233407
425.4000	0.2333
425.3000	0.233215
425.2000	0.233061
425.1000	0.232997
425.0000	0.232971
424.9000	0.233074
424.8000	0.233229
424.7000	0.233411
424.6000	0.233596
424.5000	0.233719
424.4000	0.233881
424.3000	0.2339
424.2000	0.233938
424.1000	0.233934
424.0000	0.233913
423.9000	0.234001
423.8000	0.234127
423.7000	0.234219
423.6000	0.234226
423.5000	0.23422
423.4000	0.234036
423.3000	0.233789
423.2000	0.233551
423.1000	0.233304
423.0000	0.233069
422.9000	0.233
422.8000	0.233037
422.7000	0.233139
422.6000	0.233344
422.5000	0.233656
422.4000	0.233945
422.3000	0.234177
422.2000	0.234376
422.1000	0.234504
422.0000	0.234622
421.9000	0.234771
421.8000	0.234958
421.7000	0.235139
421.6000	0.235327
421.5000	0.23552
421.4000	0.235679
421.3000	0.235755
421.2000	0.235816
421.1000	0.235871
421.0000	0.235791
420.9000	0.235614
420.8000	0.23546
420.7000	0.235208
420.6000	0.234921
420.5000	0.234759
420.4000	0.23455
420.3000	0.234311
420.2000	0.234212
420.1000	0.234202
420.0000	0.234171
419.9000	0.234257
419.8000	0.234411
419.7000	0.234453
419.6000	0.234542
419.5000	0.234641
419.4000	0.23466
419.3000	0.234699
419.2000	0.234809
419.1000	0.234836
419.0000	0.234916
418.9000	0.235008
418.8000	0.235024
418.7000	0.235055
418.6000	0.235144
418.5000	0.235084
418.4000	0.235009
418.3000	0.235051
418.2000	0.23504
418.1000	0.235126
418.0000	0.235268
417.9000	0.235464
417.8000	0.235558
417.7000	0.23578
417.6000	0.235912
417.5000	0.236069
417.4000	0.236237
417.3000	0.23645
417.2000	0.236735
417.1000	0.236963
417.0000	0.237202
416.9000	0.237351
416.8000	0.237443
416.7000	0.237403
416.6000	0.237392
416.5000	0.237271
416.4000	0.237147
416.3000	0.237078
416.2000	0.237072
416.1000	0.237102
416.0000	0.237277
415.9000	0.237467
415.8000	0.237628
415.7000	0.237766
415.6000	0.23783
415.5000	0.237755
415.4000	0.23773
415.3000	0.237664
415.2000	0.237455
415.1000	0.237346
415.0000	0.237234
414.9000	0.237147
414.8000	0.237133
414.7000	0.237346
414.6000	0.237411
414.5000	0.23761
414.4000	0.237888
414.3000	0.238074
414.2000	0.238146
414.1000	0.238235
414.0000	0.23822
413.9000	0.238018
413.8000	0.237906
413.7000	0.237768
413.6000	0.23768
413.5000	0.237658
413.4000	0.237709
413.3000	0.23776
413.2000	0.237886
413.1000	0.237983
413.0000	0.238077
412.9000	0.238106
412.8000	0.238083
412.7000	0.237959
412.6000	0.237881
412.5000	0.237748
412.4000	0.237708
412.3000	0.237746
412.2000	0.237801
412.1000	0.237889
412.0000	0.238048
411.9000	0.238192
411.8000	0.238243
411.7000	0.238323
411.6000	0.23831
411.5000	0.238208
411.4000	0.238082
411.3000	0.237977
411.2000	0.237798
411.1000	0.237727
411.0000	0.237847
410.9000	0.23797
410.8000	0.238135
410.7000	0.238408
410.6000	0.238702
410.5000	0.238911
410.4000	0.239205
410.3000	0.239465
410.2000	0.239644
410.1000	0.239683
410.0000	0.239732
409.9000	0.239716
409.8000	0.239693
409.7000	0.239658
409.6000	0.239645
409.5000	0.239685
409.4000	0.239719
409.3000	0.239799
409.2000	0.239944
409.1000	0.240227
409.0000	0.240467
408.9000	0.240747
408.8000	0.241011
408.7000	0.241216
408.6000	0.241256
408.5000	0.241249
408.4000	0.241171
408.3000	0.24095
408.2000	0.240672
408.1000	0.240398
408.0000	0.240142
407.9000	0.239978
407.8000	0.239955
407.7000	0.239999
407.6000	0.240154
407.5000	0.240331
407.4000	0.240449
407.3000	0.240681
407.2000	0.240925
407.1000	0.241083
407.0000	0.241197
406.9000	0.241409
406.8000	0.241364
406.7000	0.241285
406.6000	0.241269
406.5000	0.241186
406.4000	0.240975
406.3000	0.240871
406.2000	0.24078
406.1000	0.240635
406.0000	0.240612
405.9000	0.240697
405.8000	0.240779
405.7000	0.240872
405.6000	0.241125
405.5000	0.241333
405.4000	0.24155
405.3000	0.241803
405.2000	0.242062
405.1000	0.242179
405.0000	0.242238
404.9000	0.242305
404.8000	0.242234
404.7000	0.242169
404.6000	0.242058
404.5000	0.241938
404.4000	0.241781
404.3000	0.241687
404.2000	0.241722
404.1000	0.241846
404.0000	0.242001
403.9000	0.242095
403.8000	0.242294
403.7000	0.24248
403.6000	0.242675
403.5000	0.24292
403.4000	0.243093
403.3000	0.243119
403.2000	0.243103
403.1000	0.24308
403.0000	0.243092
402.9000	0.243147
402.8000	0.243294
402.7000	0.243346
402.6000	0.243469
402.5000	0.243523
402.4000	0.243569
402.3000	0.243677
402.2000	0.243802
402.1000	0.243755
402.0000	0.243715
401.9000	0.243832
401.8000	0.243869
401.7000	0.244022
401.6000	0.244407
401.5000	0.244734
401.4000	0.244848
401.3000	0.244984
401.2000	0.244961
401.1000	0.244719
401.0000	0.244569
400.9000	0.244468
400.8000	0.244192
400.7000	0.244
400.6000	0.243964
400.5000	0.243853
400.4000	0.243858
400.3000	0.244053
400.2000	0.2442
400.1000	0.244238
400.0000	0.24442
399.9000	0.244464
399.8000	0.244632
399.7000	0.244886
399.6000	0.245133
399.5000	0.245329
399.4000	0.245638
399.3000	0.245847
399.2000	0.245952
399.1000	0.246159
399.0000	0.246195
398.9000	0.246237
398.8000	0.246214
398.7000	0.246252
398.6000	0.246247
398.5000	0.246338
398.4000	0.246403
398.3000	0.24639
398.2000	0.246377
398.1000	0.246351
398.0000	0.246403
397.9000	0.246352
397.8000	0.246294
397.7000	0.246293
397.6000	0.246276
397.5000	0.246271
397.4000	0.246277
397.3000	0.2464
397.2000	0.246432
397.1000	0.246454
397.0000	0.246493
396.9000	0.246561
396.8000	0.24667
396.7000	0.246851
396.6000	0.247109
396.5000	0.247192
396.4000	0.247373
396.3000	0.247594
396.2000	0.247646
396.1000	0.247679
396.0000	0.247783
395.9000	0.247839
395.8000	0.247748
395.7000	0.247737
395.6000	0.247606
395.5000	0.247392
395.4000	0.247305
395.3000	0.247267
395.2000	0.247235
395.1000	0.247212
395.0000	0.247268
394.9000	0.247126
394.8000	0.247031
394.7000	0.247017
394.6000	0.247033
394.5000	0.247009
394.4000	0.247159
394.3000	0.247253
394.2000	0.247379
394.1000	0.247611
394.0000	0.247856
393.9000	0.247997
393.8000	0.248201
393.7000	0.248256
393.6000	0.248149
393.5000	0.248137
393.4000	0.248101
393.3000	0.248038
393.2000	0.248042
393.1000	0.248131
393.0000	0.248094
392.9000	0.248195
392.8000	0.24825
392.7000	0.248373
392.6000	0.248532
392.5000	0.24883
392.4000	0.248995
392.3000	0.249177
392.2000	0.249301
392.1000	0.249332
392.0000	0.24936
391.9000	0.249471
391.8000	0.249521
391.7000	0.249531
391.6000	0.249658
391.5000	0.249733
391.4000	0.249734
391.3000	0.249914
391.2000	0.250076
391.1000	0.250029
391.0000	0.249942
390.9000	0.249912
390.8000	0.24984
390.7000	0.249891
390.6000	0.250118
390.5000	0.250366
390.4000	0.25057
390.3000	0.250745
390.2000	0.250956
390.1000	0.251128
390.0000	0.251289
389.9000	0.251262
389.8000	0.251254
389.7000	0.251117
389.6000	0.251053
389.5000	0.251014
389.4000	0.251163
389.3000	0.251214
389.2000	0.251244
389.1000	0.251425
389.0000	0.251544
388.9000	0.251653
388.8000	0.251823
388.7000	0.252037
388.6000	0.251917
388.5000	0.252004
388.4000	0.252135
388.3000	0.252149
388.2000	0.252159
388.1000	0.252296
388.0000	0.252275
387.9000	0.252154
387.8000	0.25222
387.7000	0.252292
387.6000	0.252511
387.5000	0.252748
387.4000	0.253091
387.3000	0.253365
387.2000	0.253659
387.1000	0.253954
387.0000	0.25428
386.9000	0.254416
386.8000	0.254425
386.7000	0.254452
386.6000	0.254363
386.5000	0.254149
386.4000	0.253975
386.3000	0.253702
386.2000	0.253365
386.1000	0.252965
386.0000	0.252657
385.9000	0.252449
385.8000	0.252386
385.7000	0.252328
385.6000	0.25227
385.5000	0.252453
385.4000	0.252612
385.3000	0.252873
385.2000	0.25314
385.1000	0.253457
385.0000	0.253565
384.9000	0.253685
384.8000	0.253833
384.7000	0.253853
384.6000	0.253913
384.5000	0.254021
384.4000	0.254101
384.3000	0.254025
384.2000	0.25402
384.1000	0.254087
384.0000	0.254111
383.9000	0.254263
383.8000	0.254488
383.7000	0.254782
383.6000	0.254974
383.5000	0.255186
383.4000	0.255338
383.3000	0.255612
383.2000	0.255813
383.1000	0.255975
383.0000	0.256041
382.9000	0.256008
382.8000	0.25583
382.7000	0.255833
382.6000	0.255914
382.5000	0.255857
382.4000	0.255925
382.3000	0.255999
382.2000	0.255954
382.1000	0.255869
382.0000	0.256006
381.9000	0.255947
381.8000	0.255868
381.7000	0.2559
381.6000	0.255883
381.5000	0.255761
381.4000	0.255854
381.3000	0.256022
381.2000	0.255969
381.1000	0.25603
381.0000	0.256057
380.9000	0.255898
380.8000	0.255729
380.7000	0.25569
380.6000	0.255502
380.5000	0.25538
380.4000	0.255472
380.3000	0.255516
380.2000	0.255684
380.1000	0.255942
380.0000	0.256212
379.9000	0.256385
379.8000	0.256662
379.7000	0.256756
379.6000	0.256824
379.5000	0.25698
379.4000	0.257124
379.3000	0.257242
379.2000	0.257458
379.1000	0.257711
379.0000	0.257838
378.9000	0.258051
378.8000	0.258229
378.7000	0.258226
378.6000	0.258225
378.5000	0.258274
378.4000	0.258305
378.3000	0.258375
378.2000	0.258588
378.1000	0.258772
378.0000	0.258882
377.9000	0.258899
377.8000	0.258785
377.7000	0.258615
377.6000	0.258197
377.5000	0.257842
377.4000	0.257458
377.3000	0.257149
377.2000	0.256952
377.1000	0.257131
377.0000	0.257304
376.9000	0.257454
376.8000	0.2577
376.7000	0.257854
376.6000	0.258008
376.5000	0.258134
376.4000	0.258304
376.3000	0.25837
376.2000	0.258539
376.1000	0.258591
376.0000	0.258721
375.9000	0.258895
375.8000	0.258941
375.7000	0.258827
375.6000	0.258726
375.5000	0.25848
375.4000	0.258082
375.3000	0.25792
375.2000	0.25777
375.1000	0.257569
375.0000	0.257581
374.9000	0.257815
374.8000	0.257924
374.7000	0.258197
374.6000	0.258615
374.5000	0.258912
374.4000	0.259302
374.3000	0.259712
374.2000	0.26007
374.1000	0.26042
374.0000	0.260785
373.9000	0.26089
373.8000	0.260937
373.7000	0.261015
373.6000	0.260988
373.5000	0.260898
373.4000	0.260889
373.3000	0.260878
373.2000	0.260783
373.1000	0.260844
373.0000	0.261003
372.9000	0.261107
372.8000	0.261277
372.7000	0.261601
372.6000	0.261687
372.5000	0.261655
372.4000	0.261644
372.3000	0.261503
372.2000	0.261306
372.1000	0.26116
372.0000	0.261003
371.9000	0.260682
371.8000	0.260424
371.7000	0.260104
371.6000	0.259899
371.5000	0.259832
371.4000	0.259867
371.3000	0.260053
371.2000	0.26024
371.1000	0.260586
371.0000	0.261034
370.9000	0.261634
370.8000	0.262061
370.7000	0.262531
370.6000	0.262748
370.5000	0.262728
370.4000	0.262636
370.3000	0.262642
370.2000	0.262361
370.1000	0.262109
370.0000	0.262034
369.9000	0.261987
369.8000	0.261848
369.7000	0.26208
369.6000	0.262377
369.5000	0.262726
369.4000	0.263054
369.3000	0.263555
369.2000	0.263893
369.1000	0.26429
369.0000	0.264565
368.9000	0.26486
368.8000	0.264911
368.7000	0.264987
368.6000	0.264869
368.5000	0.264574
368.4000	0.264111
368.3000	0.263703
368.2000	0.263225
368.1000	0.262686
368.0000	0.262304
367.9000	0.262002
367.8000	0.261904
367.7000	0.261877
367.6000	0.261997
367.5000	0.262276
367.4000	0.262512
367.3000	0.262758
367.2000	0.263127
367.1000	0.26344
367.0000	0.263547
366.9000	0.263921
366.8000	0.264295
366.7000	0.264363
366.6000	0.264658
366.5000	0.26516
366.4000	0.265506
366.3000	0.265742
366.2000	0.266182
366.1000	0.266292
366.0000	0.26619
365.9000	0.266049
365.8000	0.265814
365.7000	0.265334
365.6000	0.265009
365.5000	0.264751
365.4000	0.264499
365.3000	0.264318
365.2000	0.264316
365.1000	0.264358
365.0000	0.264249
364.9000	0.26418
364.8000	0.263994
364.7000	0.263897
364.6000	0.263636
364.5000	0.263517
364.4000	0.2634
364.3000	0.263196
364.2000	0.263115
364.1000	0.263058
364.0000	0.263067
363.9000	0.263099
363.8000	0.263436
363.7000	0.263683
363.6000	0.263976
363.5000	0.264439
363.4000	0.26483
363.3000	0.265249
363.2000	0.265421
363.1000	0.265619
363.0000	0.265637
362.9000	0.265642
362.8000	0.26553
362.7000	0.265574
362.6000	0.265598
362.5000	0.265433
362.4000	0.265399
362.3000	0.265299
362.2000	0.265194
362.1000	0.265138
362.0000	0.26546
361.9000	0.265719
361.8000	0.266086
361.7000	0.266524
361.6000	0.266978
361.5000	0.267209
361.4000	0.267501
361.3000	0.267731
361.2000	0.267794
361.1000	0.267643
361.0000	0.267619
360.9000	0.267611
360.8000	0.267606
360.7000	0.26778
360.6000	0.267934
360.5000	0.267978
360.4000	0.267759
360.3000	0.267965
360.2000	0.268017
360.1000	0.268183
360.0000	0.268374
359.9000	0.268721
359.8000	0.268748
359.7000	0.268813
359.6000	0.269047
359.5000	0.268877
359.4000	0.268608
359.3000	0.268246
359.2000	0.267772
359.1000	0.267213
359.0000	0.266904
358.9000	0.266885
358.8000	0.267014
358.7000	0.267384
358.6000	0.26779
358.5000	0.268262
358.4000	0.268731
358.3000	0.268894
358.2000	0.26893
358.1000	0.26859
358.0000	0.268106
357.9000	0.267492
357.8000	0.267133
357.7000	0.26691
357.6000	0.266871
357.5000	0.267072
357.4000	0.26754
357.3000	0.26806
357.2000	0.268368
357.1000	0.268801
357.0000	0.2692
356.9000	0.269233
356.8000	0.2693
356.7000	0.269521
356.6000	0.269631
356.5000	0.269803
356.4000	0.27012
356.3000	0.27022
356.2000	0.26999
356.1000	0.27001
356.0000	0.269798
355.9000	0.269432
355.8000	0.268958
355.7000	0.26859
355.6000	0.268155
355.5000	0.267995
355.4000	0.268108
355.3000	0.268297
355.2000	0.268859
355.1000	0.26954
355.0000	0.270287
354.9000	0.270912
354.8000	0.271574
354.7000	0.271823
354.6000	0.271994
354.5000	0.271831
354.4000	0.271443
354.3000	0.271027
354.2000	0.270768
354.1000	0.270509
354.0000	0.270491
353.9000	0.270736
353.8000	0.270887
353.7000	0.271123
353.6000	0.271145
353.5000	0.270882
353.4000	0.270335
353.3000	0.269887
353.2000	0.269141
353.1000	0.268519
353.0000	0.26801
352.9000	0.26784
352.8000	0.267942
352.7000	0.268512
352.6000	0.269093
352.5000	0.269601
352.4000	0.270045
352.3000	0.270387
352.2000	0.270639
352.1000	0.270797
352.0000	0.270903
351.9000	0.270913
351.8000	0.27086
351.7000	0.270909
351.6000	0.271088
351.5000	0.271436
351.4000	0.271634
351.3000	0.271719
351.2000	0.271533
351.1000	0.271095
351.0000	0.27053
350.9000	0.270086
350.8000	0.269674
350.7000	0.269201
350.6000	0.268981
350.5000	0.268856
350.4000	0.26899
350.3000	0.26931
350.2000	0.270053
350.1000	0.270591
350.0000	0.271234
349.9000	0.271584
349.8000	0.271771
349.7000	0.271866
349.6000	0.272007
349.5000	0.271929
349.4000	0.27199
349.3000	0.272099
349.2000	0.271941
349.1000	0.272163
349.0000	0.272588
348.9000	0.272898
348.8000	0.273231
348.7000	0.273679
348.6000	0.27363
348.5000	0.273634
348.4000	0.273851
348.3000	0.2737
348.2000	0.273587
348.1000	0.273591
348.0000	0.273561
347.9000	0.273499
347.8000	0.273857
347.7000	0.273951
347.6000	0.27398
347.5000	0.274136
347.4000	0.274205
347.3000	0.274317
347.2000	0.274553
347.1000	0.274991
347.0000	0.275179
346.9000	0.275228
346.8000	0.275204
346.7000	0.275087
346.6000	0.274783
346.5000	0.274281
346.4000	0.27393
346.3000	0.273405
346.2000	0.273011
346.1000	0.272927
346.0000	0.273231
345.9000	0.273689
345.8000	0.274177
345.7000	0.274715
345.6000	0.27505
345.5000	0.275256
345.4000	0.275533
345.3000	0.275908
345.2000	0.276133
345.1000	0.27596
345.0000	0.276003
344.9000	0.275906
344.8000	0.275592
344.7000	0.275246
344.6000	0.274796
344.5000	0.274377
344.4000	0.273979
344.3000	0.274215
344.2000	0.274614
344.1000	0.275474
344.0000	0.276192
343.9000	0.277006
343.8000	0.277552
343.7000	0.277887
343.6000	0.278204
343.5000	0.278279
343.4000	0.277904
343.3000	0.277458
343.2000	0.277226
343.1000	0.277001
343.0000	0.27708
342.9000	0.27734
342.8000	0.277493
342.7000	0.277707
342.6000	0.278231
342.5000	0.27845
342.4000	0.278682
342.3000	0.278904
342.2000	0.279072
342.1000	0.279127
342.0000	0.279276
341.9000	0.279446
341.8000	0.279616
341.7000	0.27974
341.6000	0.279835
341.5000	0.279992
341.4000	0.279912
341.3000	0.279645
341.2000	0.279501
341.1000	0.279138
341.0000	0.278549
340.9000	0.278373
340.8000	0.278278
340.7000	0.278068
340.6000	0.278367
340.5000	0.279138
340.4000	0.279639
340.3000	0.280364
340.2000	0.281061
340.1000	0.281269
340.0000	0.281118
339.9000	0.281098
339.8000	0.280804
339.7000	0.280555
339.6000	0.280396
339.5000	0.280297
339.4000	0.280339
339.3000	0.280553
339.2000	0.280855
339.1000	0.281232
339.0000	0.281712
338.9000	0.281874
338.8000	0.282078
338.7000	0.282081
338.6000	0.282076
338.5000	0.282042
338.4000	0.282265
338.3000	0.282485
338.2000	0.28271
338.1000	0.283045
338.0000	0.28341
337.9000	0.283857
337.8000	0.284144
337.7000	0.284496
337.6000	0.284701
337.5000	0.284852
337.4000	0.285006
337.3000	0.285322
337.2000	0.285733
337.1000	0.286104
337.0000	0.286507
336.9000	0.286808
336.8000	0.28697
336.7000	0.2867
336.6000	0.286272
336.5000	0.285858
336.4000	0.285312
336.3000	0.284795
336.2000	0.284804
336.1000	0.28509
336.0000	0.285343
335.9000	0.285948
335.8000	0.286864
335.7000	0.28739
335.6000	0.28784
335.5000	0.288359
335.4000	0.288414
335.3000	0.288014
335.2000	0.287999
335.1000	0.288031
335.0000	0.287765
334.9000	0.28767
334.8000	0.287899
334.7000	0.288005
334.6000	0.287961
334.5000	0.288364
334.4000	0.288656
334.3000	0.288515
334.2000	0.288427
334.1000	0.28838
334.0000	0.288021
333.9000	0.287505
333.8000	0.287843
333.7000	0.288001
333.6000	0.288393
333.5000	0.289094
333.4000	0.289982
333.3000	0.290426
333.2000	0.290926
333.1000	0.29156
333.0000	0.291711
332.9000	0.291822
332.8000	0.291709
332.7000	0.291728
332.6000	0.291252
332.5000	0.291024
332.4000	0.290925
332.3000	0.291032
332.2000	0.29102
332.1000	0.291199
332.0000	0.29139
331.9000	0.291468
331.8000	0.291715
331.7000	0.292175
331.6000	0.292479
331.5000	0.293033
331.4000	0.293525
331.3000	0.29376
331.2000	0.29383
331.1000	0.29398
331.0000	0.293689
330.9000	0.293396
330.8000	0.293234
330.7000	0.29258
330.6000	0.292429
330.5000	0.292534
330.4000	0.293023
330.3000	0.293475
330.2000	0.294633
330.1000	0.295399
330.0000	0.296064
329.9000	0.29646
329.8000	0.296819
329.7000	0.296956
329.6000	0.297091
329.5000	0.297243
329.4000	0.297419
329.3000	0.29759
329.2000	0.297779
329.1000	0.297944
329.0000	0.298135
328.9000	0.298304
328.8000	0.298443
328.7000	0.298567
328.6000	0.298697
328.5000	0.298799
328.4000	0.298917
328.3000	0.299067
328.2000	0.299191
328.1000	0.29935
328.0000	0.299548
327.9000	0.299748
327.8000	0.299955
327.7000	0.300184
327.6000	0.300384
327.5000	0.300578
327.4000	0.300795
327.3000	0.300998
327.2000	0.301196
327.1000	0.301389
327.0000	0.301576
326.9000	0.301773
326.8000	0.301973
326.7000	0.302175
326.6000	0.302365
326.5000	0.302561
326.4000	0.302723
326.3000	0.302918
326.2000	0.303116
326.1000	0.303329
326.0000	0.303523
325.9000	0.303768
325.8000	0.303995
325.7000	0.304209
325.6000	0.304425
325.5000	0.304636
325.4000	0.304802
325.3000	0.304938
325.2000	0.305103
325.1000	0.305222
325.0000	0.305343
324.9000	0.305481
324.8000	0.305651
324.7000	0.305798
324.6000	0.305983
324.5000	0.30616
324.4000	0.306299
324.3000	0.306421
324.2000	0.306555
324.1000	0.306693
324.0000	0.306855
323.9000	0.307046
323.8000	0.307258
323.7000	0.307495
323.6000	0.307748
323.5000	0.308015
323.4000	0.308265
323.3000	0.308499
323.2000	0.308671
323.1000	0.308814
323.0000	0.308921
322.9000	0.309054
322.8000	0.309209
322.7000	0.309395
322.6000	0.309627
322.5000	0.309869
322.4000	0.310125
322.3000	0.310368
322.2000	0.310628
322.1000	0.310839
322.0000	0.311045
321.9000	0.311229
321.8000	0.311396
321.7000	0.311559
321.6000	0.311751
321.5000	0.311946
321.4000	0.312133
321.3000	0.312338
321.2000	0.312532
321.1000	0.312708
321.0000	0.312889
320.9000	0.31307
320.8000	0.313229
320.7000	0.313402
320.6000	0.31358
320.5000	0.313759
320.4000	0.313949
320.3000	0.314152
320.2000	0.314352
320.1000	0.314567
320.0000	0.314794
319.9000	0.315013
319.8000	0.315253
319.7000	0.315494
319.6000	0.315721
319.5000	0.315952
319.4000	0.316188
319.3000	0.316419
319.2000	0.316646
319.1000	0.316873
319.0000	0.317084
318.9000	0.317313
318.8000	0.317543
318.7000	0.317771
318.6000	0.318011
318.5000	0.318259
318.4000	0.318512
318.3000	0.318782
318.2000	0.319053
318.1000	0.319302
318.0000	0.319547
317.9000	0.319769
317.8000	0.31998
317.7000	0.320186
317.6000	0.320386
317.5000	0.320585
317.4000	0.320765
317.3000	0.320947
317.2000	0.321135
317.1000	0.321366
317.0000	0.321579
316.9000	0.321797
316.8000	0.322007
316.7000	0.322227
316.6000	0.322458
316.5000	0.322699
316.4000	0.322937
316.3000	0.323148
316.2000	0.323362
316.1000	0.323563
316.0000	0.32376
315.9000	0.323966
315.8000	0.3242
315.7000	0.324434
315.6000	0.324686
315.5000	0.324974
315.4000	0.325295
315.3000	0.325604
315.2000	0.325919
315.1000	0.326225
315.0000	0.326501
314.9000	0.326737
314.8000	0.326987
314.7000	0.32723
314.6000	0.327424
314.5000	0.327623
314.4000	0.327847
314.3000	0.328048
314.2000	0.328217
314.1000	0.328434
314.0000	0.32864
313.9000	0.328832
313.8000	0.329035
313.7000	0.329283
313.6000	0.329508
313.5000	0.329747
313.4000	0.330035
313.3000	0.330331
313.2000	0.330614
313.1000	0.330898
313.0000	0.331203
312.9000	0.331461
312.8000	0.33172
312.7000	0.331975
312.6000	0.332254
312.5000	0.332526
312.4000	0.332808
312.3000	0.333091
312.2000	0.333365
312.1000	0.333626
312.0000	0.33388
311.9000	0.334127
311.8000	0.33433
311.7000	0.334543
311.6000	0.334764
311.5000	0.334979
311.4000	0.335216
311.3000	0.335466
311.2000	0.335729
311.1000	0.335999
311.0000	0.336291
310.9000	0.336541
310.8000	0.33681
310.7000	0.33708
310.6000	0.337322
310.5000	0.337584
310.4000	0.337842
310.3000	0.338125
310.2000	0.338372
310.1000	0.338651
310.0000	0.338892
309.9000	0.339166
309.8000	0.339422
309.7000	0.339687
309.6000	0.339954
309.5000	0.34021
309.4000	0.340508
309.3000	0.340817
309.2000	0.341137
309.1000	0.341428
309.0000	0.341752
308.9000	0.342035
308.8000	0.342323
308.7000	0.342627
308.6000	0.342947
308.5000	0.343253
308.4000	0.343552
308.3000	0.343852
308.2000	0.344138
308.1000	0.344424
308.0000	0.344715
307.9000	0.345007
307.8000	0.345285
307.7000	0.345561
307.6000	0.345855
307.5000	0.346151
307.4000	0.346456
307.3000	0.346772
307.2000	0.347068
307.1000	0.347357
307.0000	0.347632
306.9000	0.347905
306.8000	0.348168
306.7000	0.34844
306.6000	0.348703
306.5000	0.348992
306.4000	0.349299
306.3000	0.349605
306.2000	0.349933
306.1000	0.350281
306.0000	0.350625
305.9000	0.350971
305.8000	0.351318
305.7000	0.351648
305.6000	0.351958
305.5000	0.352282
305.4000	0.3526
305.3000	0.352912
305.2000	0.353244
305.1000	0.353591
305.0000	0.353937
304.9000	0.354279
304.8000	0.354649
304.7000	0.354981
304.6000	0.355305
304.5000	0.355611
304.4000	0.355901
304.3000	0.356172
304.2000	0.356457
304.1000	0.356737
304.0000	0.357005
303.9000	0.357288
303.8000	0.357554
303.7000	0.357843
303.6000	0.358149
303.5000	0.358471
303.4000	0.358812
303.3000	0.359179
303.2000	0.359554
303.1000	0.359915
303.0000	0.360281
302.9000	0.360633
302.8000	0.360988
302.7000	0.36133
302.6000	0.36167
302.5000	0.362007
302.4000	0.36233
302.3000	0.362655
302.2000	0.362985
302.1000	0.363325
302.0000	0.363652
301.9000	0.363989
301.8000	0.36432
301.7000	0.364651
301.6000	0.364974
301.5000	0.3653
301.4000	0.365637
301.3000	0.365967
301.2000	0.366262
301.1000	0.366559
301.0000	0.366855
300.9000	0.367124
300.8000	0.367415
300.7000	0.367754
300.6000	0.368086
300.5000	0.368426
300.4000	0.36881
300.3000	0.369154
300.2000	0.369486
300.1000	0.369822
300.0000	0.370169
299.9000	0.370495
299.8000	0.370841
299.7000	0.371194
299.6000	0.371556
299.5000	0.371923
299.4000	0.37229
299.3000	0.372673
299.2000	0.373046
299.1000	0.373402
299.0000	0.373764
298.9000	0.374106
298.8000	0.374437
298.7000	0.374766
298.6000	0.375097
298.5000	0.375437
298.4000	0.375783
298.3000	0.376141
298.2000	0.376502
298.1000	0.376892
298.0000	0.377268
297.9000	0.377666
297.8000	0.378069
297.7000	0.37846
297.6000	0.378841
297.5000	0.379206
297.4000	0.379561
297.3000	0.3799
297.2000	0.380255
297.1000	0.380611
297.0000	0.380976
296.9000	0.381345
296.8000	0.381716
296.7000	0.382102
296.6000	0.382495
296.5000	0.382876
296.4000	0.383265
296.3000	0.383657
296.2000	0.384045
296.1000	0.384423
296.0000	0.384827
295.9000	0.385232
295.8000	0.385621
295.7000	0.386023
295.6000	0.386418
295.5000	0.38679
295.4000	0.38714
295.3000	0.387526
295.2000	0.387881
295.1000	0.38824
295.0000	0.388628
294.9000	0.389035
294.8000	0.389436
294.7000	0.389857
294.6000	0.390283
294.5000	0.390695
294.4000	0.391109
294.3000	0.391515
294.2000	0.391914
294.1000	0.392302
294.0000	0.392693
293.9000	0.393093
293.8000	0.393517
293.7000	0.393936
293.6000	0.394366
293.5000	0.394803
293.4000	0.395232
293.3000	0.395648
293.2000	0.396069
293.1000	0.396495
293.0000	0.396913
292.9000	0.397316
292.8000	0.397714
292.7000	0.398099
292.6000	0.398472
292.5000	0.398865
292.4000	0.399283
292.3000	0.399701
292.2000	0.40016
292.1000	0.40064
292.0000	0.401106
291.9000	0.401598
291.8000	0.402094
291.7000	0.402551
291.6000	0.402985
291.5000	0.403423
291.4000	0.403792
291.3000	0.404184
291.2000	0.404592
291.1000	0.405
291.0000	0.405404
290.9000	0.405846
290.8000	0.406281
290.7000	0.406704
290.6000	0.407169
290.5000	0.407624
290.4000	0.408073
290.3000	0.408497
290.2000	0.408941
290.1000	0.409343
290.0000	0.409752
289.9000	0.410174
289.8000	0.410601
289.7000	0.411021
289.6000	0.411476
289.5000	0.411936
289.4000	0.412389
289.3000	0.412864
289.2000	0.41334
289.1000	0.413795
289.0000	0.414244
288.9000	0.414691
288.8000	0.415113
288.7000	0.415552
288.6000	0.416005
288.5000	0.416472
288.4000	0.416942
288.3000	0.417418
288.2000	0.417867
288.1000	0.41831
288.0000	0.418739
287.9000	0.419157
287.8000	0.419561
287.7000	0.419983
287.6000	0.420393
287.5000	0.42082
287.4000	0.421275
287.3000	0.421751
287.2000	0.422236
287.1000	0.422735
287.0000	0.423235
286.9000	0.423705
286.8000	0.424201
286.7000	0.424688
286.6000	0.425172
286.5000	0.425658
286.4000	0.426168
286.3000	0.426669
286.2000	0.427191
286.1000	0.427713
286.0000	0.428205
285.9000	0.428689
285.8000	0.429166
285.7000	0.429622
285.6000	0.430073
285.5000	0.430542
285.4000	0.431011
285.3000	0.431488
285.2000	0.431991
285.1000	0.432503
285.0000	0.433011
284.9000	0.433507
284.8000	0.434005
284.7000	0.434498
284.6000	0.435001
284.5000	0.435523
284.4000	0.436046
284.3000	0.43658
284.2000	0.437126
284.1000	0.437696
284.0000	0.438258
283.9000	0.438816
283.8000	0.439348
283.7000	0.439851
283.6000	0.440357
283.5000	0.440864
283.4000	0.441406
283.3000	0.441953
283.2000	0.442531
283.1000	0.443113
283.0000	0.443706
282.9000	0.444323
282.8000	0.444938
282.7000	0.445539
282.6000	0.446112
282.5000	0.446693
282.4000	0.447249
282.3000	0.447824
282.2000	0.44841
282.1000	0.448994
282.0000	0.449576
281.9000	0.45017
281.8000	0.45075
281.7000	0.451316
281.6000	0.451914
281.5000	0.452516
281.4000	0.453123
281.3000	0.453752
281.2000	0.454408
281.1000	0.455054
281.0000	0.455695
280.9000	0.456353
280.8000	0.456982
280.7000	0.457599
280.6000	0.458208
280.5000	0.458817
280.4000	0.459399
280.3000	0.459992
280.2000	0.460613
280.1000	0.461237
280.0000	0.461873
279.9000	0.462514
279.8000	0.463178
279.7000	0.463827
279.6000	0.464485
279.5000	0.46515
279.4000	0.465803
279.3000	0.466462
279.2000	0.467126
279.1000	0.467781
279.0000	0.468412
278.9000	0.46905
278.8000	0.469686
278.7000	0.470321
278.6000	0.470959
278.5000	0.471608
278.4000	0.472248
278.3000	0.472877
278.2000	0.473508
278.1000	0.474131
278.0000	0.474737
277.9000	0.475346
277.8000	0.475956
277.7000	0.47654
277.6000	0.477125
277.5000	0.477709
277.4000	0.478279
277.3000	0.47885
277.2000	0.479426
277.1000	0.480003
277.0000	0.480587
276.9000	0.481172
276.8000	0.481733
276.7000	0.482291
276.6000	0.482859
276.5000	0.483403
276.4000	0.483961
276.3000	0.484513
276.2000	0.485076
276.1000	0.485613
276.0000	0.486178
275.9000	0.486749
275.8000	0.487325
275.7000	0.487911
275.6000	0.488498
275.5000	0.489078
275.4000	0.489634
275.3000	0.490198
275.2000	0.49075
275.1000	0.491303
275.0000	0.491842
274.9000	0.492372
274.8000	0.492903
274.7000	0.493411
274.6000	0.493925
274.5000	0.494459
274.4000	0.494996
274.3000	0.495518
274.2000	0.496057
274.1000	0.496606
274.0000	0.497145
273.9000	0.497707
273.8000	0.498273
273.7000	0.498827
273.6000	0.499369
273.5000	0.499943
273.4000	0.500494
273.3000	0.501046
273.2000	0.501591
273.1000	0.502138
273.0000	0.502645
272.9000	0.503173
272.8000	0.503697
272.7000	0.504196
272.6000	0.504708
272.5000	0.505221
272.4000	0.505751
272.3000	0.506295
272.2000	0.506883
272.1000	0.50745
272.0000	0.508047
271.9000	0.508642
271.8000	0.50923
271.7000	0.509818
271.6000	0.510403
271.5000	0.510986
271.4000	0.511551
271.3000	0.512112
271.2000	0.512648
271.1000	0.513185
271.0000	0.513695
270.9000	0.514207
270.8000	0.514721
270.7000	0.515231
270.6000	0.515757
270.5000	0.516302
270.4000	0.516859
270.3000	0.517414
270.2000	0.518007
270.1000	0.518595
270.0000	0.51918
269.9000	0.519762
269.8000	0.520346
269.7000	0.520916
269.6000	0.521469
269.5000	0.522042
269.4000	0.522612
269.3000	0.523185
269.2000	0.523755
269.1000	0.524344
269.0000	0.5249
268.9000	0.525447
268.8000	0.526018
268.7000	0.526594
268.6000	0.52717
268.5000	0.527754
268.4000	0.528349
268.3000	0.528945
268.2000	0.529566
268.1000	0.530202
268.0000	0.530831
267.9000	0.531455
267.8000	0.532052
267.7000	0.532641
267.6000	0.53322
267.5000	0.533801
267.4000	0.534384
267.3000	0.535
267.2000	0.535621
267.1000	0.536235
267.0000	0.536894
266.9000	0.537576
266.8000	0.538261
266.7000	0.538936
266.6000	0.539637
266.5000	0.540287
266.4000	0.540938
266.3000	0.541598
266.2000	0.542271
266.1000	0.542924
266.0000	0.543602
265.9000	0.544279
265.8000	0.544937
265.7000	0.545611
265.6000	0.546299
265.5000	0.547005
265.4000	0.54769
265.3000	0.548397
265.2000	0.549089
265.1000	0.549783
265.0000	0.55048
264.9000	0.551226
264.8000	0.551959
264.7000	0.552684
264.6000	0.553425
264.5000	0.554149
264.4000	0.554839
264.3000	0.555519
264.2000	0.556203
264.1000	0.556845
264.0000	0.557507
263.9000	0.558197
263.8000	0.55889
263.7000	0.559587
263.6000	0.560334
263.5000	0.561106
263.4000	0.561857
263.3000	0.562631
263.2000	0.563412
263.1000	0.564169
263.0000	0.564902
262.9000	0.565637
262.8000	0.56637
262.7000	0.567084
262.6000	0.567831
262.5000	0.568555
262.4000	0.569281
262.3000	0.569981
262.2000	0.57071
262.1000	0.571436
262.0000	0.572183
261.9000	0.572958
261.8000	0.573737
261.7000	0.574526
261.6000	0.575304
261.5000	0.576111
261.4000	0.576888
261.3000	0.5777
261.2000	0.578487
261.1000	0.57927
261.0000	0.580051
260.9000	0.580826
260.8000	0.581573
260.7000	0.582331
260.6000	0.583085
260.5000	0.583811
260.4000	0.584539
260.3000	0.585265
260.2000	0.585963
260.1000	0.586644
260.0000	0.587332
259.9000	0.588022
259.8000	0.588735
259.7000	0.589462
259.6000	0.590237
259.5000	0.591005
259.4000	0.591782
259.3000	0.592565
259.2000	0.593344
259.1000	0.594082
259.0000	0.59481
258.9000	0.595526
258.8000	0.596204
258.7000	0.596906
258.6000	0.597613
258.5000	0.598362
258.4000	0.599138
258.3000	0.59995
258.2000	0.600758
258.1000	0.601566
258.0000	0.602353
257.9000	0.603132
257.8000	0.603914
257.7000	0.604668
257.6000	0.605443
257.5000	0.606209
257.4000	0.606992
257.3000	0.607793
257.2000	0.608615
257.1000	0.609418
257.0000	0.610241
256.9000	0.611063
256.8000	0.61186
256.7000	0.612685
256.6000	0.61353
256.5000	0.614345
256.4000	0.615165
256.3000	0.616008
256.2000	0.616849
256.1000	0.617694
256.0000	0.618584
255.9000	0.619471
255.8000	0.620317
255.7000	0.621202
255.6000	0.622095
255.5000	0.622977
255.4000	0.623859
255.3000	0.624781
255.2000	0.625654
255.1000	0.626537
255.0000	0.62744
254.9000	0.628322
254.8000	0.62921
254.7000	0.630131
254.6000	0.631036
254.5000	0.631941
254.4000	0.632875
254.3000	0.633785
254.2000	0.634691
254.1000	0.635611
254.0000	0.636499
253.9000	0.637379
253.8000	0.638259
253.7000	0.639124
253.6000	0.639973
253.5000	0.640841
253.4000	0.641711
253.3000	0.642585
253.2000	0.64344
253.1000	0.64428
253.0000	0.645112
252.9000	0.645913
252.8000	0.646726
252.7000	0.64753
252.6000	0.648328
252.5000	0.649103
252.4000	0.64991
252.3000	0.650688
252.2000	0.651479
252.1000	0.652288
252.0000	0.653092
251.9000	0.653856
251.8000	0.654618
251.7000	0.655376
251.6000	0.656106
251.5000	0.656839
251.4000	0.657575
251.3000	0.658289
251.2000	0.658989
251.1000	0.659713
251.0000	0.660418
250.9000	0.661114
250.8000	0.661834
250.7000	0.662539
250.6000	0.663227
250.5000	0.663908
250.4000	0.664576
250.3000	0.665207
250.2000	0.665845
250.1000	0.666459
250.0000	0.667055
249.9000	0.667648
249.8000	0.668234
249.7000	0.668809
249.6000	0.669372
249.5000	0.66995
249.4000	0.670549
249.3000	0.671156
249.2000	0.671738
249.1000	0.67234
249.0000	0.672946
248.9000	0.67353
248.8000	0.674119
248.7000	0.674719
248.6000	0.675277
248.5000	0.675808
248.4000	0.676323
248.3000	0.676811
248.2000	0.677275
248.1000	0.67775
248.0000	0.678224
247.9000	0.678679
247.8000	0.679108
247.7000	0.679577
247.6000	0.680069
247.5000	0.680562
247.4000	0.681072
247.3000	0.681619
247.2000	0.682132
247.1000	0.682652
247.0000	0.683204
246.9000	0.683745
246.8000	0.684257
246.7000	0.684771
246.6000	0.685254
246.5000	0.685672
246.4000	0.686104
246.3000	0.686542
246.2000	0.686954
246.1000	0.687341
246.0000	0.687764
245.9000	0.688171
245.8000	0.688599
245.7000	0.689052
245.6000	0.689521
245.5000	0.689955
245.4000	0.690393
245.3000	0.690822
245.2000	0.691245
245.1000	0.691666
245.0000	0.69211
244.9000	0.692529
244.8000	0.692943
244.7000	0.693357
244.6000	0.69376
244.5000	0.694149
244.4000	0.694542
244.3000	0.694915
244.2000	0.695261
244.1000	0.695626
244.0000	0.695997
243.9000	0.696358
243.8000	0.696704
243.7000	0.697058
243.6000	0.69739
243.5000	0.697725
243.4000	0.698035
243.3000	0.698342
243.2000	0.698619
243.1000	0.698875
243.0000	0.699117
242.9000	0.699379
242.8000	0.699616
242.7000	0.699838
242.6000	0.700072
242.5000	0.700307
242.4000	0.70051
242.3000	0.700725
242.2000	0.700962
242.1000	0.701174
242.0000	0.701379
241.9000	0.701628
241.8000	0.701865
241.7000	0.702082
241.6000	0.7023
241.5000	0.70251
241.4000	0.702675
241.3000	0.702839
241.2000	0.702997
241.1000	0.70313
241.0000	0.703248
240.9000	0.703363
240.8000	0.703482
240.7000	0.703605
240.6000	0.703739
240.5000	0.703862
240.4000	0.703987
240.3000	0.704077
240.2000	0.704172
240.1000	0.704273
240.0000	0.704384
239.9000	0.704487
239.8000	0.704629
239.7000	0.704757
239.6000	0.704898
239.5000	0.705052
239.4000	0.70521
239.3000	0.705333
239.2000	0.705445
239.1000	0.705556
239.0000	0.705638
238.9000	0.705732
238.8000	0.705818
238.7000	0.705923
238.6000	0.705982
238.5000	0.70606
238.4000	0.706121
238.3000	0.706204
238.2000	0.706288
238.1000	0.706379
238.0000	0.706459
237.9000	0.706547
237.8000	0.706641
237.7000	0.70672
237.6000	0.706836
237.5000	0.706922
237.4000	0.707014
237.3000	0.707119
237.2000	0.707243
237.1000	0.70734
237.0000	0.70747
236.9000	0.707622
236.8000	0.707772
236.7000	0.707927
236.6000	0.708059
236.5000	0.708182
236.4000	0.708286
236.3000	0.708381
236.2000	0.708474
236.1000	0.708595
236.0000	0.708721
235.9000	0.708858
235.8000	0.709023
235.7000	0.709209
235.6000	0.709415
235.5000	0.709644
235.4000	0.709873
235.3000	0.710072
235.2000	0.710259
235.1000	0.710449
235.0000	0.710647
234.9000	0.710836
234.8000	0.71105
234.7000	0.711278
234.6000	0.711515
234.5000	0.711757
234.4000	0.712015
234.3000	0.712279
234.2000	0.712519
234.1000	0.712782
234.0000	0.713034
233.9000	0.713285
233.8000	0.713539
233.7000	0.713817
233.6000	0.714082
233.5000	0.714376
233.4000	0.714714
233.3000	0.715076
233.2000	0.715473
233.1000	0.715901
233.0000	0.716371
232.9000	0.716883
232.8000	0.717414
232.7000	0.717937
232.6000	0.718481
232.5000	0.719018
232.4000	0.719523
232.3000	0.720051
232.2000	0.720586
232.1000	0.72112
232.0000	0.721686
231.9000	0.722295
231.8000	0.72291
231.7000	0.723583
231.6000	0.724289
231.5000	0.724977
231.4000	0.725675
231.3000	0.726419
231.2000	0.727198
231.1000	0.727988
231.0000	0.728809
230.9000	0.729626
230.8000	0.730473
230.7000	0.731337
230.6000	0.732238
230.5000	0.733163
230.4000	0.734099
230.3000	0.73505
230.2000	0.73602
230.1000	0.73702
230.0000	0.738045
229.9000	0.739155
229.8000	0.740274
229.7000	0.741436
229.6000	0.742652
229.5000	0.743966
229.4000	0.745328
229.3000	0.746755
229.2000	0.748228
229.1000	0.749728
229.0000	0.751264
228.9000	0.752826
228.8000	0.754421
228.7000	0.756058
228.6000	0.757746
228.5000	0.759489
228.4000	0.761296
228.3000	0.763173
228.2000	0.76512
228.1000	0.767165
228.0000	0.769248
227.9000	0.771368
227.8000	0.773526
227.7000	0.775715
227.6000	0.777946
227.5000	0.780253
227.4000	0.78264
227.3000	0.785086
227.2000	0.787667
227.1000	0.790283
227.0000	0.793002
226.9000	0.795819
226.8000	0.798764
226.7000	0.801742
226.6000	0.804829
226.5000	0.807946
226.4000	0.811109
226.3000	0.814373
226.2000	0.817719
226.1000	0.821139
226.0000	0.824634
225.9000	0.828247
225.8000	0.831928
225.7000	0.835717
225.6000	0.83961
225.5000	0.843617
225.4000	0.847748
225.3000	0.851958
225.2000	0.856272
225.1000	0.860666
225.0000	0.865139
224.9000	0.869711
224.8000	0.874381
224.7000	0.87914
224.6000	0.883972
224.5000	0.888972
224.4000	0.894038
224.3000	0.899208
224.2000	0.904517
224.1000	0.909989
224.0000	0.915546
223.9000	0.921249
223.8000	0.927115
223.7000	0.93308
223.6000	0.939201
223.5000	0.945484
223.4000	0.951869
223.3000	0.958327
223.2000	0.964939
223.1000	0.971617
223.0000	0.978389
222.9000	0.985307
222.8000	0.992394
222.7000	0.999624
222.6000	1.00705
222.5000	1.01463
222.4000	1.02238
222.3000	1.03033
222.2000	1.03845
222.1000	1.04669
222.0000	1.05508
221.9000	1.06362
221.8000	1.07229
221.7000	1.08109
221.6000	1.09008
221.5000	1.09924
221.4000	1.1085
221.3000	1.11793
221.2000	1.12753
221.1000	1.13724
221.0000	1.14706
220.9000	1.1571
220.8000	1.16724
220.7000	1.17754
220.6000	1.18806
220.5000	1.1988
220.4000	1.20968
220.3000	1.22076
220.2000	1.23202
220.1000	1.24347
220.0000	1.25509
219.9000	1.26686
219.8000	1.27879
219.7000	1.29086
219.6000	1.30304
219.5000	1.31538
219.4000	1.32789
219.3000	1.34049
219.2000	1.35322
219.1000	1.36608
219.0000	1.3791
218.9000	1.39227
218.8000	1.40561
218.7000	1.41915
218.6000	1.43284
218.5000	1.44661
218.4000	1.46053
218.3000	1.47463
218.2000	1.48877
218.1000	1.50309
218.0000	1.51753
217.9000	1.53211
217.8000	1.54685
217.7000	1.56172
217.6000	1.57671
217.5000	1.59188
217.4000	1.60727
217.3000	1.6227
217.2000	1.63839
217.1000	1.65423
217.0000	1.67012
216.9000	1.68613
216.8000	1.70245
216.7000	1.71885
216.6000	1.73534
216.5000	1.75204
216.4000	1.76878
216.3000	1.78544
216.2000	1.80227
216.1000	1.81921
216.0000	1.83608
215.9000	1.853
215.8000	1.87002
215.7000	1.88696
215.6000	1.9041
215.5000	1.92145
215.4000	1.93895
215.3000	1.95681
215.2000	1.97488
215.1000	1.99308
215.0000	2.01145
214.9000	2.03008
214.8000	2.0486
214.7000	2.06716
214.6000	2.08583
214.5000	2.10427
214.4000	2.12267
214.3000	2.14117
214.2000	2.1599
214.1000	2.17862
214.0000	2.19788
213.9000	2.21721
213.8000	2.23663
213.7000	2.2564
213.6000	2.27642
213.5000	2.2963
213.4000	2.31626
213.3000	2.33646
213.2000	2.35655
213.1000	2.37692
213.0000	2.3978
212.9000	2.41884
212.8000	2.43981
212.7000	2.46125
212.6000	2.48272
212.5000	2.50408
212.4000	2.52555
212.3000	2.54766
212.2000	2.56947
212.1000	2.59142
212.0000	2.614
211.9000	2.63679
211.8000	2.6595
211.7000	2.68274
211.6000	2.70618
211.5000	2.72916
211.4000	2.75251
211.3000	2.77608
211.2000	2.79986
211.1000	2.82419
211.0000	2.8491
210.9000	2.87402
210.8000	2.89891
210.7000	2.92346
210.6000	2.94772
210.5000	2.97214
210.4000	2.99621
210.3000	3.02061
210.2000	3.0458
210.1000	3.07192
210.0000	3.09894
209.9000	3.12748
209.8000	3.15706
209.7000	3.18739
209.6000	3.21821
209.5000	3.24812
209.4000	3.2787
209.3000	3.30879
209.2000	3.3384
209.1000	3.36864
209.0000	3.39905
208.9000	3.42941
208.8000	3.46059
208.7000	3.49292
208.6000	3.52441
208.5000	3.55811
208.4000	3.59256
208.3000	3.62661
208.2000	3.66133
208.1000	3.69667
208.0000	3.73044
207.9000	3.76549
207.8000	3.80231
207.7000	3.83968
207.6000	3.87882
207.5000	3.92052
207.4000	3.96348
207.3000	4.00639
207.2000	4.05214
207.1000	4.09968
207.0000	4.14784
206.9000	4.19617
206.8000	4.24636
206.7000	4.29382
206.6000	4.34431
206.5000	4.39432
206.4000	4.45283
206.3000	4.51634
206.2000	4.58971
206.1000	4.66414
206.0000	4.765
205.9000	4.93473
205.8000	5.36976
205.7000	6.12596
205.6000	6.90221
205.5000	7.90228
205.4000	8.81497
205.3000	9.44764
205.2000	9.74108
205.1000	10
205.0000	10
204.9000	10
204.8000	10
204.7000	10
204.6000	10
204.5000	10
204.4000	10
204.3000	10
204.2000	10
204.1000	10
204.0000	10
203.9000	10
203.8000	10
203.7000	10
203.6000	10
203.5000	10
203.4000	10
203.3000	10
203.2000	10
203.1000	10
203.0000	10
202.9000	10
202.8000	10
202.7000	10
202.6000	10
202.5000	10
202.4000	10
202.3000	10
202.2000	10
202.1000	10
202.0000	10
201.9000	10
201.8000	10
201.7000	10
201.6000	10
201.5000	10
201.4000	10
201.3000	10
201.2000	10
201.1000	10
201.0000	10
200.9000	10
200.8000	10
200.7000	10
200.6000	10
200.5000	10
200.4000	10
200.3000	10
200.2000	10
200.1000	10
200.0000	10
